model,term,coefficient,cluster_robust_se,odds_ratio,ci95_low,ci95_high,p_value
main_full119_without_repository_FE,Intercept,-1.9095110932682955,0.32086719336466346,0.14815280179399895,0.07899274737703398,0.2778641509282835,2.6635470552384346e-09
main_full119_without_repository_FE,C(setting)[T.autocoderover_deepseek-v4-pro],1.012146981471991e-16,0.29163994879285404,1.0,0.564619178136622,1.7711052665625684,0.9999999999999998
main_full119_without_repository_FE,C(setting)[T.autocoderover_gemini-3-flash-preview],0.580539066628794,0.30654743336766954,1.787001484017452,0.9799214512407195,3.2588064072251006,0.05825176208237271
main_full119_without_repository_FE,C(setting)[T.autocoderover_glm-5.2],-1.945403285481612e-16,0.29163994879285665,0.9999999999999998,0.5646191781366189,1.7711052665625768,0.9999999999999994
main_full119_without_repository_FE,C(setting)[T.autocoderover_gpt-5.5],1.1010706025667945,0.3094656552297332,3.0073840140896313,1.639725851042918,5.515774848856206,0.0003737269970265735
main_full119_without_repository_FE,C(setting)[T.mini-swe_deepseek-v4-flash],1.9679788269240475,0.306667358681484,7.156197946840043,3.923255715150027,13.053232512120184,1.387053231772116e-10
main_full119_without_repository_FE,C(setting)[T.mini-swe_deepseek-v4-pro],2.0576626336432304,0.31547598797798154,7.827652320129701,4.217915544517422,14.52664004249097,6.918819525088042e-11
main_full119_without_repository_FE,C(setting)[T.mini-swe_gemini-3-flash-preview],1.922867130230524,0.32213479405976075,6.840543107957804,3.638219944158397,12.861517646001829,2.385099097950571e-09
main_full119_without_repository_FE,C(setting)[T.mini-swe_glm-5.2],2.323953504096679,0.33095295766872085,10.215983504916876,5.340384352411537,19.54284787116594,2.1870585281709263e-12
main_full119_without_repository_FE,C(setting)[T.mini-swe_gpt-5.5],2.768542383391769,0.33708752234861195,15.935389384807939,8.230633448479999,30.85262348699851,2.155027262230987e-16
main_full119_without_repository_FE,C(setting)[T.openhands_deepseek-v4-flash],1.7861753980015183,0.3044718039689444,5.966588944316295,3.2851806010516302,10.836598639064574,4.451646494540755e-09
main_full119_without_repository_FE,C(setting)[T.openhands_deepseek-v4-pro],2.0129032118017958,0.31976282998716604,7.485016421585591,3.999540907597567,14.007975446626746,3.0742342933336707e-10
main_full119_without_repository_FE,C(setting)[T.openhands_gemini-3-flash-preview],1.8319894041064746,0.29030932669711423,6.246300722443061,3.535990928858582,11.034042083300017,2.7818248053542703e-10
main_full119_without_repository_FE,C(setting)[T.openhands_glm-5.2],2.1467735739112226,0.31693506652311776,8.557204621497677,4.597865886329179,15.926030194117473,1.2566545469602162e-11
main_full119_without_repository_FE,C(setting)[T.openhands_gpt-5.5],2.4565754150358172,0.31173149606957906,11.664795975829916,6.331852895886231,21.489359812218648,3.262799670122402e-15
main_full119_without_repository_FE,strong,-1.0677182287696263,0.3271779372120865,0.343792077998554,0.18105123848202298,0.6528151582144494,0.0011007720063417352
main_full119_without_repository_FE,patch_z,-0.82273525536706,0.19879024342471127,0.4392286075295999,0.2974952641468,0.6484868598687791,3.4926342730354e-05
main_full119_without_repository_FE,tests_z,-0.41933913840922404,0.16993892684542664,0.6574811803318966,0.47122795808999673,0.9173511356218498,0.013602704598120937
