instance_id,statement_words,requirements,interfaces,fail_to_pass,pass_to_pass
openfermion_151_352,34,4,4,5,5
openfermion_207_212,35,6,1,2,4
openfermion_246_306,63,6,5,6,9
openfermion_258_262,42,6,2,2,6
openfermion_259_283,48,5,2,4,4
openfermion_37_114,29,4,1,2,5
openfermion_457_549,55,4,7,5,5
openfermion_458_501,48,4,5,5,5
openfermion_469_474,38,4,7,3,5
openfermion_46_61,34,5,5,4,2
openfermion_542_589,55,5,5,3,5
openfermion_752_753,55,4,1,6,12
openqaoa_112_85,29,4,3,3,6
openqaoa_232_241,28,3,1,1,10
openqaoa_36_71,31,2,1,2,5
pennylane_166_588,44,5,2,3,0
pennylane_2492_3742,45,4,2,4,4
pennylane_3982_3977,49,4,3,3,6
pennylane_4881_4928,54,8,1,12,12
pennylane_5759_5773,51,7,4,16,5
pennylane_5895_5920,52,5,2,2,4
pennylane_991_1062,47,4,2,2,4
qiskit_addon_sqd_148_230,38,3,1,1,3
qiskit_addon_sqd_265_343,28,3,1,1,5
qiskit_finance_54_57,68,6,3,6,5
qiskit_finance_72_112,70,5,3,1,18
qiskit_machine_learning_112_151,44,6,5,24,17
qiskit_machine_learning_113_115,50,6,7,5,20
qiskit_machine_learning_226_219,51,6,7,1,3
qiskit_machine_learning_227_244,58,5,6,1,22
qiskit_machine_learning_320_412,48,4,6,3,8
qiskit_machine_learning_326_360,74,5,8,6,3
qiskit_machine_learning_328_348,66,6,4,2,2
qiskit_machine_learning_340_364,52,5,3,10,10
qiskit_machine_learning_367_540,48,8,8,7,12
qiskit_machine_learning_385_404,58,6,4,5,4
qiskit_machine_learning_387_398,52,6,4,1,5
qiskit_machine_learning_400_436,56,10,8,13,5
qiskit_machine_learning_401_470,61,10,6,15,4
qiskit_machine_learning_44_73,52,6,8,13,20
qiskit_machine_learning_505_569,61,8,2,9,6
qiskit_machine_learning_551_548,62,7,5,9,27
qiskit_machine_learning_557_558,54,6,3,2,27
qiskit_machine_learning_597_609,70,6,7,2,4
qiskit_machine_learning_62_143,38,6,3,5,12
qiskit_machine_learning_638_639,70,4,3,10,8
qiskit_machine_learning_63_102,55,3,6,2,4
qiskit_machine_learning_90_117,48,7,7,5,20
qiskit_machine_learning_920_924,54,2,4,1,4
qiskit_machine_learning_960_1021,68,4,8,4,2
qiskit_nature_1257_1270,63,11,18,13,14
qiskit_nature_129_161,64,5,1,3,6
qiskit_nature_129_341,70,6,1,1,5
qiskit_nature_1345_1356,59,3,2,6,26
qiskit_nature_167_220,42,5,9,3,5
qiskit_nature_174_862,63,5,4,3,12
qiskit_nature_22_35,64,7,2,5,6
qiskit_nature_243_263,60,5,5,4,6
qiskit_nature_252_318,66,5,4,2,8
qiskit_nature_271_286,69,5,4,1,7
qiskit_nature_337_520,61,7,4,12,12
qiskit_nature_375_380,63,5,6,2,3
qiskit_nature_3_25,56,7,2,6,5
qiskit_nature_42_49,71,6,2,2,6
qiskit_nature_45_50,70,7,2,5,6
qiskit_nature_460_482,62,9,9,15,6
qiskit_nature_465_472,51,6,2,1,6
qiskit_nature_477_481,58,6,3,1,5
qiskit_nature_47_77,56,6,2,3,4
qiskit_nature_493_506,47,5,3,1,4
qiskit_nature_541_544,45,4,1,1,5
qiskit_nature_563_620,50,9,4,2,3
qiskit_nature_571_632,60,6,4,4,5
qiskit_nature_577_591,56,8,2,5,3
qiskit_nature_582_1313,47,6,3,7,5
qiskit_nature_665_756,50,9,3,12,9
qiskit_nature_669_731,53,8,11,11,12
qiskit_nature_683_684,49,4,3,1,2
qiskit_nature_6_624,42,5,2,7,5
qiskit_nature_715_716,45,6,1,3,3
qiskit_nature_787_799,58,6,4,20,6
qiskit_nature_795_1188,53,6,4,15,8
qiskit_nature_828_891,40,7,8,16,8
qiskit_nature_82_96,56,6,7,3,4
qiskit_nature_847_1043,46,4,6,2,10
qiskit_nature_848_858,42,6,4,8,12
qiskit_nature_861_904,50,5,2,1,20
qiskit_nature_865_890,48,4,7,3,3
qiskit_nature_866_870,43,8,13,6,41
qiskit_nature_881_903,47,6,5,3,11
qiskit_nature_918_1046,45,4,2,1,8
qiskit_nature_919_920,52,6,4,6,3
qiskit_nature_91_729,58,4,4,5,8
qiskit_nature_955_964,47,5,1,1,19
qiskit_nature_956_1027,47,5,2,1,15
qiskit_nature_957_1038,36,6,2,4,11
qiskit_nature_958_1085,64,11,19,52,68
qiskit_nature_973_1018,63,7,5,3,8
qiskit_nature_9_232,50,6,4,3,5
qiskit_optimization_133_139,68,8,2,1,6
qiskit_optimization_13_163,44,7,1,1,9
qiskit_optimization_40_157,56,9,7,9,15
qiskit_optimization_41_114,45,7,8,5,9
qiskit_optimization_425_436,47,5,5,2,2
qiskit_optimization_433_467,46,6,4,8,5
qiskit_optimization_473_487,70,8,17,8,11
qiskit_optimization_628_646,56,7,6,1,10
qiskit_optimization_80_122,55,5,4,1,7
qiskit_optimization_8_18,45,5,6,3,3
squlearn_112_154,29,4,6,9,2
squlearn_274_279,34,4,9,5,6
squlearn_62_99,37,4,4,7,4
tangelo_384_398,69,4,3,2,3
tangelo_387_390,59,3,3,1,3
tequila_400_411,34,3,2,1,15
tequila_403_407,29,3,1,2,5
tequila_406_409,29,3,1,3,4
