task_id,statement_words,solution_files,solution_lines
01,18,1,20
02,20,1,12
03,58,1,23
04,55,1,26
05,33,1,58
06,44,1,13
07,50,1,22
08,16,1,18
09,36,1,20
10,70,1,60
11,21,1,44
12,21,1,42
13,35,1,14
14,33,1,14
15,19,1,11
16,14,1,9
17,15,1,10
18,34,1,14
19,22,1,10
20,19,1,11
21,90,1,9
22,23,1,24
23,21,1,49
24,15,1,21
25,29,1,35
26,24,1,13
27,14,1,9
28,46,1,9
29,20,1,18
30,26,1,10
31,23,1,12
32,37,1,41
33,23,1,33
34,23,1,39
35,21,1,8
36,16,1,8
37,12,1,10
38,15,1,10
39,31,1,8
40,71,1,18
41,24,1,7
42,21,1,10
43,22,1,22
44,18,1,12
