repo_id,repository,url,description,stars,fork,archived,language,closed_issues,merged_prs,matched_keywords
83821669,Qiskit/qiskit,https://github.com/Qiskit/qiskit,"Qiskit is an open-source SDK for working with quantum computers at the level of extended quantum circuits, operators, and primitives.",7849,False,False,Python,5019,9162,quantum computing
43098215,deepchem/deepchem,https://github.com/deepchem/deepchem,"Democratizing Deep-Learning for Drug Discovery, Quantum Chemistry, Materials Science and Biology",7023,False,False,Python,1305,1934,quantum chemistry
114306758,quantumlib/Cirq,https://github.com/quantumlib/Cirq,"Python framework for creating, editing, and running Noisy Intermediate-Scale Quantum (NISQ) circuits.",5076,False,False,Python,2422,4890,quantum computing; quantum machine learning
136380207,microsoft/QuantumKatas,https://github.com/microsoft/QuantumKatas,Tutorials and programming exercises for learning Q# and quantum computing,4910,False,True,Jupyter Notebook,153,605,quantum computing; quantum machine learning
110042100,microsoft/Quantum,https://github.com/microsoft/Quantum,Microsoft Quantum Development Kit Samples,4048,False,True,Jupyter Notebook,111,486,quantum computing; quantum chemistry
129936360,PennyLaneAI/pennylane,https://github.com/PennyLaneAI/pennylane,"PennyLane is an open-source quantum software platform for quantum computing, quantum machine learning, and quantum chemistry. Create meaningful quantum algorithms, from inspiration to implementation.",3481,False,False,Python,1386,6691,quantum computing; quantum chemistry; quantum machine learning
238772762,tensorflow/quantum,https://github.com/tensorflow/quantum,An open-source Python framework for hybrid quantum-classical machine learning.,2186,False,False,Python,340,506,quantum computing; quantum machine learning
688488142,Classiq/classiq-library,https://github.com/Classiq/classiq-library,The Classiq Library is the largest collection of quantum algorithms and applications. It is the best way to explore quantum computing software. We welcome community contributions to our Library 🙌,2040,False,False,Jupyter Notebook,84,1095,quantum computing
104403768,quantumlib/OpenFermion,https://github.com/quantumlib/OpenFermion,Python package for compiling and analyzing quantum algorithms to simulate electronic structures.,1739,False,False,Python,324,871,quantum computing; quantum chemistry
19384819,pyscf/pyscf,https://github.com/pyscf/pyscf,Python module for quantum chemistry,1681,False,False,Python,1603,1264,quantum chemistry
83821737,openqasm/openqasm,https://github.com/openqasm/openqasm,Quantum assembly language for extended quantum circuits,1511,False,False,Python,175,340,quantum computing
9174469,psi4/psi4,https://github.com/psi4/psi4,Open-Source Quantum Chemistry – an electronic structure package in C++ driven by Python,1223,False,False,C++,954,1885,quantum chemistry
151238791,cp2k/cp2k,https://github.com/cp2k/cp2k,Quantum chemistry and solid state physics software package,1213,False,False,Fortran,896,4701,quantum chemistry
342885422,qiskit-community/qiskit-machine-learning,https://github.com/qiskit-community/qiskit-machine-learning,An open-source library built on Qiskit for quantum machine learning tasks at scale on quantum hardware and classical simulators,1100,False,False,Python,332,641,quantum computing; quantum machine learning
129408314,QuantumBFS/Yao.jl,https://github.com/QuantumBFS/Yao.jl,"Extensible, Efficient Quantum Algorithm Design for Humans.",1042,False,False,Julia,235,265,quantum computing
593773927,microsoft/qdk,https://github.com/microsoft/qdk,"Microsoft Quantum Development Kit, including the Q# programming language, resource estimator, and Quantum Katas",1017,False,False,Rust,833,2511,quantum computing
77520796,ProjectQ-Framework/ProjectQ,https://github.com/ProjectQ-Framework/ProjectQ,ProjectQ: An open source software framework for quantum computing,976,False,False,Python,127,258,quantum computing
424247027,AgnostiqHQ/covalent,https://github.com/AgnostiqHQ/covalent,Pythonic tool for orchestrating machine-learning/high performance/quantum-computing workflows in heterogeneous compute environments.,868,False,False,Python,748,856,quantum computing
126842861,XanaduAI/strawberryfields,https://github.com/XanaduAI/strawberryfields,"Strawberry Fields is a full-stack Python library for designing, simulating, and optimizing continuous variable (CV) quantum optical circuits.",854,False,True,Python,117,536,quantum computing
214003948,PennyLaneAI/demos,https://github.com/PennyLaneAI/demos,"Introductions to key concepts in quantum programming, as well as tutorials and implementations from cutting-edge quantum computing research.",680,False,False,Python,124,1379,quantum computing; quantum chemistry; quantum machine learning
301518776,amazon-braket/amazon-braket-examples,https://github.com/amazon-braket/amazon-braket-examples,Example notebooks that show how to apply quantum computing with Amazon Braket.,589,False,False,Python,47,649,quantum computing; quantum chemistry; quantum machine learning; quantum optimization
137125898,qiskit-community/qiskit-aqua,https://github.com/qiskit-community/qiskit-aqua,Quantum Algorithms & Applications (**DEPRECATED** since April 2021 - see readme for more info),582,False,True,Python,418,1056,quantum computing; quantum optimization
154377414,microsoft/QuantumLibraries,https://github.com/microsoft/QuantumLibraries,Q# libraries for the Quantum Development Kit,572,False,True,Q#,137,407,quantum computing; quantum chemistry
86454800,QuEST-Kit/QuEST,https://github.com/QuEST-Kit/QuEST,"A multithreaded, distributed, GPU-accelerated simulator of quantum computers",490,False,False,C++,269,415,quantum computing
259718912,tequilahub/tequila,https://github.com/tequilahub/tequila,A High-Level Abstraction Framework for Quantum Algorithms,442,False,False,Python,40,364,quantum computing; quantum chemistry
78669859,QMCPACK/qmcpack,https://github.com/QMCPACK/qmcpack,"Main repository for QMCPACK, an open-source production level many-body ab initio Quantum Monte Carlo code for computing the electronic structure of atoms, molecules, and solids with full performance portable GPU support",408,False,False,C++,1247,4351,quantum chemistry
333498711,qiskit-community/qiskit-nature,https://github.com/qiskit-community/qiskit-nature,"Qiskit Nature is an open-source, quantum computing, framework for solving quantum mechanical natural science problems.",398,False,False,Python,388,881,quantum computing
707313729,tqec/tqec,https://github.com/tqec/tqec,Design automation software tools for Topological Quantum Error Correction,388,False,False,Python,348,545,quantum computing
221583289,amazon-braket/amazon-braket-sdk-python,https://github.com/amazon-braket/amazon-braket-sdk-python,A Python SDK for interacting with quantum devices on Amazon Braket,372,False,False,Python,155,985,quantum computing
241307936,qiboteam/qibo,https://github.com/qiboteam/qibo,A full-stack framework for quantum computing.,366,False,False,Python,528,1120,quantum computing
140554016,Quantinuum/pytket-docs,https://github.com/Quantinuum/pytket-docs,User manual and example notebooks for the pytket quantum computing toolkit,334,False,False,Jupyter Notebook,93,314,quantum computing
331032371,qiskit-community/qiskit-finance,https://github.com/qiskit-community/qiskit-finance,Quantum Finance,328,False,False,Python,24,312,quantum finance
405970114,Quantinuum/tket,https://github.com/Quantinuum/tket,"Source code for the TKET quantum compiler, Python bindings and utilities",317,False,False,C++,482,1481,quantum computing
246951354,quantumlib/ReCirq,https://github.com/quantumlib/ReCirq,Python modules for quantum computing applications and experiments using Cirq. Research using Cirq!,310,False,False,Python,89,319,quantum computing; quantum machine learning
632066325,eclipse-qrisp/Qrisp,https://github.com/eclipse-qrisp/Qrisp,Qrisp - The next generation of quantum algorithm development,298,False,False,Python,207,355,quantum computing
439713489,Quantum-Accelerators/quacc,https://github.com/Quantum-Accelerators/quacc,quacc is a flexible platform for computational materials science and quantum chemistry that is built for the big data era.,295,False,False,Python,448,2488,quantum chemistry
125940309,quantumlib/OpenFermion-Cirq,https://github.com/quantumlib/OpenFermion-Cirq,Quantum circuits for simulations of quantum chemistry and materials.,295,False,True,Python,99,250,quantum chemistry
235493396,vprusso/toqito,https://github.com/vprusso/toqito,|toqito> (Theory of Quantum Information Toolkit) is a Python library for research in quantum information theory.,293,False,False,Python,610,1197,quantum computing
329700534,qiskit-community/qiskit-optimization,https://github.com/qiskit-community/qiskit-optimization,Quantum Optimization,285,False,True,Python,135,518,quantum optimization
163192893,Qiskit/qiskit-ibmq-provider,https://github.com/Qiskit/qiskit-ibmq-provider,Qiskit Provider for accessing the quantum devices and simulators at IBM Quantum.,252,False,True,Python,357,720,quantum computing
159729790,PennyLaneAI/pennylane-qiskit,https://github.com/PennyLaneAI/pennylane-qiskit,The PennyLane-Qiskit plugin integrates the Qiskit quantum computing framework and IBM Q with PennyLane.,245,False,False,Python,48,531,quantum computing; quantum machine learning
483936750,munich-quantum-toolkit/qecc,https://github.com/munich-quantum-toolkit/qecc,MQT QECC - Tools for Quantum Error Correcting Codes,239,False,False,Python,42,687,quantum computing
424995933,Qiskit/qiskit-ibm-runtime,https://github.com/Qiskit/qiskit-ibm-runtime,Client for IBM Quantum Compute (formerly known as Qiskit Runtime),237,False,False,Python,1135,1920,quantum computing
602822750,PennyLaneAI/catalyst,https://github.com/PennyLaneAI/catalyst,A JIT compiler for hybrid quantum programs in PennyLane,236,False,False,Python,312,2248,quantum computing; quantum machine learning
114947047,unitaryfoundation/qrack,https://github.com/unitaryfoundation/qrack,"Comprehensive, GPU accelerated framework for developing universal virtual quantum processors",231,False,False,C++,153,809,quantum computing
172423631,merzlab/QUICK,https://github.com/merzlab/QUICK,QUICK: A GPU-enabled ab intio quantum chemistry software package ,220,False,False,C,133,279,quantum chemistry
123499436,MolSSI/QCEngine,https://github.com/MolSSI/QCEngine,Quantum chemistry program executor and IO standardizer (QCSchema).,210,False,False,Python,75,331,quantum chemistry
146923862,MolSSI/QCElemental,https://github.com/MolSSI/QCElemental,"Periodic table, physical constants, and molecule parsing for quantum chemistry.",201,False,False,Python,53,284,quantum chemistry
284060920,sequence-toolbox/SeQUeNCe,https://github.com/sequence-toolbox/SeQUeNCe,"Simulator of QUantum Network Communication (SeQUeNCe) is an open-source tool that allows the modeling of quantum networks including photonic network components, control protocols, and applications.",177,False,False,Python,91,297,quantum computing
851028376,oqtopus-team/oqtopus-cloud,https://github.com/oqtopus-team/oqtopus-cloud,Open Quantum Toolchain for OPerators & USers (OQTOPUS) is a project that provides the architecture of cloud quantum computers as an open-source software (OSS).,174,False,False,Python,72,358,quantum computing
161261721,qiskit-community/qiskit-ignis,https://github.com/qiskit-community/qiskit-ignis,"Ignis (deprecated) provides tools for quantum hardware verification, noise characterization, and error correction.",170,False,True,Python,173,328,quantum computing
79492087,MolSSI/QCFractal,https://github.com/MolSSI/QCFractal,A distributed compute and database platform for quantum chemistry. ,168,False,False,Python,277,665,quantum chemistry
239731195,munich-quantum-toolkit/ddsim,https://github.com/munich-quantum-toolkit/ddsim,MQT DDSIM - A Quantum Circuit Simulator Based on Decision Diagrams,162,False,False,C++,45,890,quantum computing
302778589,munich-quantum-toolkit/qmap,https://github.com/munich-quantum-toolkit/qmap,MQT QMAP - A Tool for Quantum Circuit Mapping,146,False,False,C++,50,996,quantum computing
277556169,PennyLaneAI/pennylane-lightning,https://github.com/PennyLaneAI/pennylane-lightning,The Lightning plugin ecosystem provides fast quantum state-vector and tensor network simulators written in C++ for use with PennyLane.,146,False,False,C++,102,997,quantum machine learning
482741192,entropicalabs/openqaoa,https://github.com/entropicalabs/openqaoa,Multi-backend SDK for quantum optimisation,144,False,False,Python,38,217,quantum optimization
344584158,sandbox-quantum/Tangelo,https://github.com/sandbox-quantum/Tangelo,A python package for exploring end-to-end chemistry workflows on quantum computers and simulators.,143,False,True,Python,37,337,quantum computing; quantum chemistry
231343120,munich-quantum-toolkit/core,https://github.com/munich-quantum-toolkit/core,"MQT Core - Reusable C++20 and Python libraries for quantum computing: the MQT Compiler Collection, built on MLIR and LLVM, together with decision diagrams, QIR execution, QDMI device access, SDK and HPC integrations, and structured benchmarks. It forms the backbone of the Munich Quantum Toolkit.",134,False,False,C++,288,2058,quantum computing
424989951,munich-quantum-toolkit/bench,https://github.com/munich-quantum-toolkit/bench,MQT Bench - A Tool for Benchmarking Quantum Software Tools,131,False,False,Python,101,825,quantum computing
343384088,DigiMatChem/LobsterPy,https://github.com/DigiMatChem/LobsterPy,Package to perform automatic bonding analysis with the program Lobster in the field of computational materials science and quantum chemistry,127,False,False,Python,97,313,quantum chemistry
231376804,munich-quantum-toolkit/qcec,https://github.com/munich-quantum-toolkit/qcec,MQT QCEC - A Tool for Quantum Circuit Equivalence Checking,118,False,False,C++,53,982,quantum computing
573466585,TeamGraphix/graphix,https://github.com/TeamGraphix/graphix,measurement-based quantum computing (MBQC) library,118,False,False,Python,175,343,quantum computing
537159688,Qiskit/qiskit-serverless,https://github.com/Qiskit/qiskit-serverless,A programming model for leveraging quantum and classical resources,117,False,False,Python,454,1859,quantum computing
207883669,qBraid/qBraid,https://github.com/qBraid/qBraid,A platform-agnostic quantum runtime framework,116,False,False,Python,287,870,quantum computing
681327100,qiskit-community/ffsim,https://github.com/qiskit-community/ffsim,Faster simulation of fermionic quantum circuits.,108,False,False,Python,111,520,quantum chemistry
688132646,Qiskit/documentation,https://github.com/Qiskit/documentation,The documentation content home for https://quantum.cloud.ibm.com/docs,107,False,False,Jupyter Notebook,1834,2977,quantum computing
98224091,Nix-QChem/NixOS-QChem,https://github.com/Nix-QChem/NixOS-QChem,Nix expressions for HPC/Quantum chemistry software packages,106,False,False,Nix,69,712,quantum chemistry
641796050,sQUlearn/squlearn,https://github.com/sQUlearn/squlearn,scikit-learn interface for quantum algorithms,105,False,False,Python,83,275,quantum computing; quantum machine learning
843403437,Qiskit/qiskit-addon-sqd,https://github.com/Qiskit/qiskit-addon-sqd,Sample-based Quantum Diagonalization: Classically postprocess noisy quantum samples to yield more accurate eigenvalue estimations.,101,False,False,Python,59,252,quantum chemistry
