repository,updated_scope_assessment,reason_code,confidence,finding,counterevidence_and_limits,test_finding,source_evidence,test_evidence,representative_pr,representative_pr_title,linked_issues_in_pr_metadata,next_step,source_commit,assessment_author,human_review_status,tests_executed,f2p_p2p_validated
QuantumBFS/Yao.jl,exclude_proposed,E04,conditional_on_primary_product_scope,主入口重导出 YaoArrayRegister、YaoBlocks、YaoSym、YaoPlots、YaoToEinsum；EasyBuild 主要组合 QFT、相位估计、变分电路及自旋 Hamiltonian 等通用构件。主产品更接近通用量子编程/模拟基础设施，可沿用 E04 提出排除建议。,包含 Heisenberg/Ising/Rydberg Hamiltonian 和变分电路，不能声称没有应用相关功能。排除依赖按主体产品层次划界；Julia 测试入口仅是实现事实，不作为当前语言无关筛选的排除理由。,test/runtests.jl 与 CI 使用 Julia 测试框架；未运行测试。,https://github.com/QuantumBFS/Yao.jl/blob/a630fdf9fadfc19d2211e12c3594c77ff0d30754/src/Yao.jl#L18,https://github.com/QuantumBFS/Yao.jl/blob/a630fdf9fadfc19d2211e12c3594c77ff0d30754/test/runtests.jl#L1,https://github.com/QuantumBFS/Yao.jl/pull/578,OpenQASM support,,人工确认通用寄存器/电路 SDK 与应用工作流库的边界，并同样检验 PennyLane；不是已证明该项目没有可构建任务。,a630fdf9fadfc19d2211e12c3594c77ff0d30754,Codex,pending,no,no
tensorflow/quantum,exclude_proposed,E10,functional_framework_boundary,主体由量子算子、序列化、微分器、优化器和 Keras 电路层构成；PQC 的输入是电路与观测算符，输出是期望值张量，训练测试仍由调用者组装通用 Keras 模型。按用户确认的功能标准，作为通用量子训练框架提出排除，而不是仅凭 framework 名称。,有量子机器学习示例、datasets 和实际训练测试；不能说它没有应用或测试。排除依据是主要交付接口层次，不是对其量子机器学习能力的否定。PennyLane 的 qchem 分子到量子比特 Hamiltonian 模块是保留混合项目的对照依据。,pqc_test.py 包含 test_pqc_simple_learn 等高层模型测试；未运行。,https://github.com/tensorflow/quantum/blob/9e378d1e3f21e4387120ecdf8506dfa058d338c8/tensorflow_quantum/python/layers/high_level/pqc.py#L28,https://github.com/tensorflow/quantum/blob/9e378d1e3f21e4387120ecdf8506dfa058d338c8/tensorflow_quantum/python/layers/high_level/pqc_test.py#L216,https://github.com/tensorflow/quantum/pull/1091,Test channel inclusion in random circuit generators.,https://github.com/tensorflow/quantum/issues/1066,以 E10 通用编程/训练框架提出范围排除建议；人工确认时检查核心接口边界及 PennyLane 对照，不使用 C++/Bazel 或未经验证的构建困难作为理由。,9e378d1e3f21e4387120ecdf8506dfa058d338c8,Codex,pending,no,no
XanaduAI/strawberryfields,exclude_proposed,E12,evidence_supported_under_newly_adopted_condition,主要计算模型是连续变量光子电路，使用 Gaussian/Fock/Bosonic 表示及 GBS 应用层；不满足本轮新增的量子比特应用范围条件。,确有图优化、机器学习和振动光谱应用及测试；排除依据是计算模型范围，不是没有应用。,tests/apps/qchem/test_vibronic.py 验证能量、Doktorov 变换和样本；CI 明确调用 pytest；未运行。,https://github.com/XanaduAI/strawberryfields/blob/162125d8ad5fd5488322a30c520253189596adf5/doc/introduction/introduction.rst#L10,https://github.com/XanaduAI/strawberryfields/blob/162125d8ad5fd5488322a30c520253189596adf5/tests/apps/qchem/test_vibronic.py#L108,https://github.com/XanaduAI/strawberryfields/pull/761,Catalina clarify that we are not accepting Pull Requests for new features,,本轮按用户确认的新必要条件拟排除；现有七库合规性按用户要求暂不复核。,162125d8ad5fd5488322a30c520253189596adf5,Codex,pending,no,no
microsoft/QuantumLibraries,exclude_proposed,E13,evidence_supported_under_newly_adopted_condition,Chemistry 的 Hamiltonian 数据处理由 C# DataModel 实现，量子算法由 Q# Runtime 实现；Python qsharp-chemistry 是互操作接口，不满足本轮要求的 Python 原生应用核心实现。,存在 Python 化学接口和测试；不能写成没有 Python 入口、没有测试或已证明 .NET 环境无法构建。,Python 测试包括 Hamiltonian/输入态加载一致性和 test_jw_encode；不是仅有 C#/Q# 测试。,https://github.com/microsoft/QuantumLibraries/blob/f2f5e380225367ee4eb995d922067025dc77f0a0/Chemistry/README.md#L8,https://github.com/microsoft/QuantumLibraries/blob/f2f5e380225367ee4eb995d922067025dc77f0a0/Python/qsharp-chemistry/qsharp/tests/test_chemistry.py#L72,https://github.com/microsoft/QuantumLibraries/pull/682,Broombridge 0.3 work,,本轮按用户确认的新必要条件拟排除；现有七库合规性按用户要求暂不复核。,f2f5e380225367ee4eb995d922067025dc77f0a0,Codex,pending,no,no
tequilahub/tequila,retain_for_pair_screening,K02,explicit_user_admission,用户确认纳入应用仓库候选清单，进入 feature Issue–PR 及测试覆盖逐对筛选；尚未构建新增可执行样本。,多后端或抽象框架设计同样存在于保留仓库，不能作为排除理由。未发现 ghost atom PR 的结构化关闭 Issue 链接，不等于不存在相关 Issue。,tests/test_chemistry.py 包含 transformations、reference、Hamiltonian 和 UCC 测试；有 PySCF 专用 CI；未运行。,https://github.com/tequilahub/tequila/blob/93c361b6821ae6790fd0fc3d0b7a0ebfaa312be4/src/tequila/quantumchemistry/qc_base.py#L50,https://github.com/tequilahub/tequila/blob/93c361b6821ae6790fd0fc3d0b7a0ebfaa312be4/tests/test_chemistry.py#L150,https://github.com/tequilahub/tequila/pull/469,Implemented ghost atom support + tests,,依次审核 feature、Issue–PR 对应关系、量子相关性及实际测试改动；通过后才能进入环境与 F2P/P2P 构建。,93c361b6821ae6790fd0fc3d0b7a0ebfaa312be4,Codex,pending,no,no
qiboteam/qibo,exclude_proposed,E04,author_selected_primary_product_scope_judgment,官方将主要产品定位为量子模拟与量子硬件控制的全栈 API，核心包括电路构造/执行接口和可插拔模拟、硬件后端。用户选择按主体基础设施定位排除；准确表述为量子模拟、执行与硬件控制基础设施。,不能写成主要从事硬件设计。Qibo 确有 VQE、QAOA、QCNN 等应用模块；生态系统的实验室管理及控制能力也不能一概当作此仓库直接实现的全部功能。排除为主体交付层次判断。,tests/test_models_variational.py 包含 VQE 优化、QAOA 执行及优化测试；未运行。,https://github.com/qiboteam/qibo/blob/daab039a55c5f34793d26ce159b48b0d477b9a47/README.md#L7,https://github.com/qiboteam/qibo/blob/daab039a55c5f34793d26ce159b48b0d477b9a47/tests/test_models_variational.py#L283,https://github.com/qiboteam/qibo/pull/1901,Transpiler optimizer removing diagonal gates before measurements,,保留用户确认的主体范围决定及应用模块反证；现有七库仍按要求暂不复核。,daab039a55c5f34793d26ce159b48b0d477b9a47,Codex,pending,no,no
quantumlib/ReCirq,exclude_proposed,E11,conditional_on_research_experiment_collection_boundary,官方研究指南及 HFVQE/QAOA/Fermi–Hubbard 模块文档显示，仓库主要组织特定论文实验的复现、扩展、采集与分析流程。按新增 E11 的主体交付形态边界提出排除；不再把发现可复用应用代码自动视为必须保留。,有可复用的目标函数、问题类和本地测试。排除是主体交付形态的范围判断，不是声称没有应用代码；不能使用“纯 notebook”“无测试”“必须云硬件”。 Tangelo 也用于研究，但维护接受用户分子输入的 ElectronicStructureSolver、VQESolver、QPESolver；研究用途或发表过论文本身不构成 E11。,hfvqe/objective_test.py 和 qaoa/problems_test.py 均包含本地数值或结构断言；pytest 配置存在；未运行。,https://github.com/quantumlib/ReCirq/blob/9ac71635111438a21e795f8a512ff60c32ab13a7/docs/research.md#L6,https://github.com/quantumlib/ReCirq/blob/9ac71635111438a21e795f8a512ff60c32ab13a7/recirq/qaoa/problems_test.py#L113,https://github.com/quantumlib/ReCirq/pull/475,Fix Publication result download for Fermi-Hubbard,,人工确认 E11 的仓库主体边界；保留其应用代码与测试反证，不表述为无应用、无测试或无法构建。,9ac71635111438a21e795f8a512ff60c32ab13a7,Codex,pending,no,no
eclipse-qrisp/Qrisp,exclude_proposed,E02,author_selected_primary_product_scope_judgment,官方将主要产品定位为高层量子编程框架，核心提供量子类型、程序构造及到电路层的编译。用户据仓库主体定位选择排除，归入编程/编译基础设施范围。,保留已发现的电子结构、投资组合等应用实现及测试事实。此次是用户确认的主体定位判断，不是新发现其没有应用，也不以仅仅包含编程框架功能作为普遍排除规则。,test_QAOAmaxCut.py 为应用求解测试，CI 使用 pytest 分组执行；未运行。,https://github.com/eclipse-qrisp/Qrisp/blob/da9e3668eab52c9f5ded8f82039f5e71805e657b/README.md#L23,https://github.com/eclipse-qrisp/Qrisp/blob/da9e3668eab52c9f5ded8f82039f5e71805e657b/tests/algorithms_tests/qaoa_tests/test_QAOAmaxCut.py#L27,https://github.com/eclipse-qrisp/Qrisp/pull/879,Fix/cold optimization routine precompute,https://github.com/eclipse-qrisp/Qrisp/issues/877,保留用户确认的主体范围决定及应用模块反证；现有七库仍按要求暂不复核。,da9e3668eab52c9f5ded8f82039f5e71805e657b,Codex,pending,no,no
entropicalabs/openqaoa,retain_for_pair_screening,K02,explicit_user_admission,用户确认纳入应用仓库候选清单，进入 feature Issue–PR 及测试覆盖逐对筛选；尚未构建新增可执行样本。,支持多种应用问题与完整求解流程；不同优化问题、参数化、后端和 QAOA 变体不被本轮规则视为独立算法族。,test_knapsack.py 验证 QUBO terms/weights/constants；Linux CI 调用 pytest；未运行。,https://github.com/entropicalabs/openqaoa/blob/c6e7dd759392fcca180bab9bd29c5f5e7dab3662/README.md#L79,https://github.com/entropicalabs/openqaoa/blob/c6e7dd759392fcca180bab9bd29c5f5e7dab3662/src/openqaoa-core/tests/test_knapsack.py#L41,https://github.com/entropicalabs/openqaoa/pull/302,Integration of Mitiq's ZNE,https://github.com/entropicalabs/openqaoa/issues/207,依次审核 feature、Issue–PR 对应关系、量子相关性及实际测试改动；通过后才能进入环境与 F2P/P2P 构建。,c6e7dd759392fcca180bab9bd29c5f5e7dab3662,Codex,pending,no,no
qiskit-community/ffsim,exclude_proposed,E15,evidence_supported_under_newly_adopted_condition,官方主要产品是利用粒子数及自旋守恒进行费米量子电路模拟的专用库；核心公开接口包括状态向量、门作用及模拟协议，不满足本轮排除领域专用模拟器的条件。,确有 MolecularHamiltonian、MolecularData、FermionOperator、变分算符及 Qiskit 电路构造能力；这些功能不抵消本轮按主体模拟产品定位作出的排除。,molecular_hamiltonian_test.py 有能量、旋转及 from_fermion_operator_roundtrip 测试；未运行。,https://github.com/qiskit-community/ffsim/blob/cd4228a9e4be5975830da7523ee4da7649740307/README.md#L5,https://github.com/qiskit-community/ffsim/blob/cd4228a9e4be5975830da7523ee4da7649740307/tests/python/hamiltonians/molecular_hamiltonian_test.py#L203,https://github.com/qiskit-community/ffsim/pull/708,Improve handling of diagonal Coulomb indices,,本轮按用户确认的新必要条件拟排除；现有七库合规性按用户要求暂不复核。,cd4228a9e4be5975830da7523ee4da7649740307,Codex,pending,no,no
sQUlearn/squlearn,retain_for_pair_screening,K02,explicit_user_admission,用户确认纳入应用仓库候选清单，进入 feature Issue–PR 及测试覆盖逐对筛选；尚未构建新增可执行样本。,基于 scikit-learn/PennyLane/Qiskit 不意味着没有自主维护的应用功能；依赖其他库不是排除标准。,tests/kernel/test_qsvc.py 包含实际分类预测断言；CI 调用 pytest tests/；未运行。,https://github.com/sQUlearn/squlearn/blob/0f6cb0982fdbe80dcd0ea6cb0acd68c59e362de4/src/squlearn/qnn/qnnc.py#L36,https://github.com/sQUlearn/squlearn/blob/0f6cb0982fdbe80dcd0ea6cb0acd68c59e362de4/tests/kernel/test_qsvc.py#L111,https://github.com/sQUlearn/squlearn/pull/379,Use new `random_pauli_sampling`,https://github.com/sQUlearn/squlearn/issues/367,依次审核 feature、Issue–PR 对应关系、量子相关性及实际测试改动；通过后才能进入环境与 F2P/P2P 构建。,0f6cb0982fdbe80dcd0ea6cb0acd68c59e362de4,Codex,pending,no,no
Qiskit/qiskit-addon-sqd,retain_for_pair_screening,K02,explicit_user_admission,用户确认纳入应用仓库候选清单，进入 feature Issue–PR 及测试覆盖逐对筛选；尚未构建新增可执行样本。,包含真实量子化学、能量与对称性约束；不因 addon 名称或经典后处理实现而排除，也不声称没有应用。,test/test_fermion.py 包含实际对角化结果和对称化测试；tox 使用 pytest；未运行。,https://github.com/Qiskit/qiskit-addon-sqd/blob/8124d790600a764740fd40f44956a67ddecb3cd1/README.md#L91,https://github.com/Qiskit/qiskit-addon-sqd/blob/8124d790600a764740fd40f44956a67ddecb3cd1/test/test_fermion.py#L55,https://github.com/Qiskit/qiskit-addon-sqd/pull/382,fix symmetrized count aggregation,,依次审核 feature、Issue–PR 对应关系、量子相关性及实际测试改动；通过后才能进入环境与 F2P/P2P 构建。,8124d790600a764740fd40f44956a67ddecb3cd1,Codex,pending,no,no
