agent,stratum_type,stratum,has_quantum_semantic_f2p,samples,task_runs,resolved,resolved_rate,patch_applied,patch_applied_rate,resolved_given_applied
mini-swe,overall,all,true,70,350,134,0.382857,323,0.922857,0.414861
mini-swe,overall,all,false,47,235,148,0.629787,234,0.995745,0.632479
mini-swe,engineering_complexity,small,true,20,100,62,0.620000,94,0.940000,0.659574
mini-swe,engineering_complexity,small,false,19,95,71,0.747368,95,1.000000,0.747368
mini-swe,engineering_complexity,medium,true,20,100,40,0.400000,92,0.920000,0.434783
mini-swe,engineering_complexity,medium,false,19,95,59,0.621053,94,0.989474,0.627660
mini-swe,engineering_complexity,large,true,30,150,32,0.213333,137,0.913333,0.233577
mini-swe,engineering_complexity,large,false,9,45,18,0.400000,45,1.000000,0.400000
mini-swe,f2p_test_count,1-2,true,19,95,48,0.505263,87,0.915789,0.551724
mini-swe,f2p_test_count,1-2,false,24,120,86,0.716667,119,0.991667,0.722689
mini-swe,f2p_test_count,3-5,true,26,130,52,0.400000,124,0.953846,0.419355
mini-swe,f2p_test_count,3-5,false,12,60,39,0.650000,60,1.000000,0.650000
mini-swe,f2p_test_count,6+,true,25,125,34,0.272000,112,0.896000,0.303571
mini-swe,f2p_test_count,6+,false,11,55,23,0.418182,55,1.000000,0.418182
mini-swe,repository,PennyLaneAI/pennylane,true,5,25,13,0.520000,22,0.880000,0.590909
mini-swe,repository,PennyLaneAI/pennylane,false,2,10,7,0.700000,10,1.000000,0.700000
mini-swe,repository,Qiskit/qiskit-addon-sqd,true,1,5,5,1.000000,5,1.000000,1.000000
mini-swe,repository,Qiskit/qiskit-addon-sqd,false,1,5,3,0.600000,5,1.000000,0.600000
mini-swe,repository,entropicalabs/openqaoa,true,2,10,5,0.500000,9,0.900000,0.555556
mini-swe,repository,entropicalabs/openqaoa,false,1,5,2,0.400000,4,0.800000,0.500000
mini-swe,repository,qiskit-community/qiskit-finance,true,1,5,5,1.000000,5,1.000000,1.000000
mini-swe,repository,qiskit-community/qiskit-finance,false,1,5,2,0.400000,5,1.000000,0.400000
mini-swe,repository,qiskit-community/qiskit-machine-learning,true,6,30,8,0.266667,29,0.966667,0.275862
mini-swe,repository,qiskit-community/qiskit-machine-learning,false,18,90,72,0.800000,90,1.000000,0.800000
mini-swe,repository,qiskit-community/qiskit-nature,true,35,175,43,0.245714,163,0.931429,0.263804
mini-swe,repository,qiskit-community/qiskit-nature,false,14,70,46,0.657143,70,1.000000,0.657143
mini-swe,repository,qiskit-community/qiskit-optimization,true,5,25,6,0.240000,24,0.960000,0.250000
mini-swe,repository,qiskit-community/qiskit-optimization,false,5,25,13,0.520000,25,1.000000,0.520000
mini-swe,repository,quantumlib/OpenFermion,true,11,55,36,0.654545,50,0.909091,0.720000
mini-swe,repository,quantumlib/OpenFermion,false,1,5,0,0.000000,5,1.000000,0.000000
mini-swe,repository,sQUlearn/squlearn,true,0,0,0,,0,,
mini-swe,repository,sQUlearn/squlearn,false,3,15,0,0.000000,15,1.000000,0.000000
mini-swe,repository,sandbox-quantum/Tangelo,true,1,5,5,1.000000,5,1.000000,1.000000
mini-swe,repository,sandbox-quantum/Tangelo,false,1,5,3,0.600000,5,1.000000,0.600000
mini-swe,repository,tequilahub/tequila,true,3,15,8,0.533333,11,0.733333,0.727273
mini-swe,repository,tequilahub/tequila,false,0,0,0,,0,,
mini-swe,repository_sensitivity,exclude_qiskit_nature,true,35,175,91,0.520000,160,0.914286,0.568750
mini-swe,repository_sensitivity,exclude_qiskit_nature,false,33,165,102,0.618182,164,0.993939,0.621951
mini-swe,quantum_specificity,medium,true,24,120,66,0.550000,111,0.925000,0.594595
mini-swe,quantum_specificity,medium,false,44,220,140,0.636364,219,0.995455,0.639269
mini-swe,quantum_specificity,strong,true,46,230,68,0.295652,212,0.921739,0.320755
mini-swe,quantum_specificity,strong,false,3,15,8,0.533333,15,1.000000,0.533333
openhands,overall,all,true,70,350,112,0.320000,329,0.940000,0.340426
openhands,overall,all,false,47,235,152,0.646809,230,0.978723,0.660870
openhands,engineering_complexity,small,true,20,100,58,0.580000,95,0.950000,0.610526
openhands,engineering_complexity,small,false,19,95,81,0.852632,95,1.000000,0.852632
openhands,engineering_complexity,medium,true,20,100,36,0.360000,94,0.940000,0.382979
openhands,engineering_complexity,medium,false,19,95,54,0.568421,93,0.978947,0.580645
openhands,engineering_complexity,large,true,30,150,18,0.120000,140,0.933333,0.128571
openhands,engineering_complexity,large,false,9,45,17,0.377778,42,0.933333,0.404762
openhands,f2p_test_count,1-2,true,19,95,37,0.389474,86,0.905263,0.430233
openhands,f2p_test_count,1-2,false,24,120,92,0.766667,118,0.983333,0.779661
openhands,f2p_test_count,3-5,true,26,130,48,0.369231,124,0.953846,0.387097
openhands,f2p_test_count,3-5,false,12,60,39,0.650000,58,0.966667,0.672414
openhands,f2p_test_count,6+,true,25,125,27,0.216000,119,0.952000,0.226891
openhands,f2p_test_count,6+,false,11,55,21,0.381818,54,0.981818,0.388889
openhands,repository,PennyLaneAI/pennylane,true,5,25,11,0.440000,25,1.000000,0.440000
openhands,repository,PennyLaneAI/pennylane,false,2,10,9,0.900000,10,1.000000,0.900000
openhands,repository,Qiskit/qiskit-addon-sqd,true,1,5,5,1.000000,5,1.000000,1.000000
openhands,repository,Qiskit/qiskit-addon-sqd,false,1,5,4,0.800000,5,1.000000,0.800000
openhands,repository,entropicalabs/openqaoa,true,2,10,5,0.500000,9,0.900000,0.555556
openhands,repository,entropicalabs/openqaoa,false,1,5,1,0.200000,4,0.800000,0.250000
openhands,repository,qiskit-community/qiskit-finance,true,1,5,4,0.800000,5,1.000000,0.800000
openhands,repository,qiskit-community/qiskit-finance,false,1,5,1,0.200000,5,1.000000,0.200000
openhands,repository,qiskit-community/qiskit-machine-learning,true,6,30,5,0.166667,28,0.933333,0.178571
openhands,repository,qiskit-community/qiskit-machine-learning,false,18,90,69,0.766667,90,1.000000,0.766667
openhands,repository,qiskit-community/qiskit-nature,true,35,175,35,0.200000,167,0.954286,0.209581
openhands,repository,qiskit-community/qiskit-nature,false,14,70,46,0.657143,70,1.000000,0.657143
openhands,repository,qiskit-community/qiskit-optimization,true,5,25,2,0.080000,22,0.880000,0.090909
openhands,repository,qiskit-community/qiskit-optimization,false,5,25,17,0.680000,24,0.960000,0.708333
openhands,repository,quantumlib/OpenFermion,true,11,55,35,0.636364,54,0.981818,0.648148
openhands,repository,quantumlib/OpenFermion,false,1,5,0,0.000000,5,1.000000,0.000000
openhands,repository,sQUlearn/squlearn,true,0,0,0,,0,,
openhands,repository,sQUlearn/squlearn,false,3,15,0,0.000000,12,0.800000,0.000000
openhands,repository,sandbox-quantum/Tangelo,true,1,5,5,1.000000,5,1.000000,1.000000
openhands,repository,sandbox-quantum/Tangelo,false,1,5,5,1.000000,5,1.000000,1.000000
openhands,repository,tequilahub/tequila,true,3,15,5,0.333333,9,0.600000,0.555556
openhands,repository,tequilahub/tequila,false,0,0,0,,0,,
openhands,repository_sensitivity,exclude_qiskit_nature,true,35,175,77,0.440000,162,0.925714,0.475309
openhands,repository_sensitivity,exclude_qiskit_nature,false,33,165,106,0.642424,160,0.969697,0.662500
openhands,quantum_specificity,medium,true,24,120,52,0.433333,114,0.950000,0.456140
openhands,quantum_specificity,medium,false,44,220,143,0.650000,215,0.977273,0.665116
openhands,quantum_specificity,strong,true,46,230,60,0.260870,215,0.934783,0.279070
openhands,quantum_specificity,strong,false,3,15,9,0.600000,15,1.000000,0.600000
autocoderover,overall,all,true,70,350,38,0.108571,323,0.922857,0.117647
autocoderover,overall,all,false,47,235,67,0.285106,226,0.961702,0.296460
autocoderover,engineering_complexity,small,true,20,100,29,0.290000,95,0.950000,0.305263
autocoderover,engineering_complexity,small,false,19,95,40,0.421053,94,0.989474,0.425532
autocoderover,engineering_complexity,medium,true,20,100,7,0.070000,90,0.900000,0.077778
autocoderover,engineering_complexity,medium,false,19,95,19,0.200000,90,0.947368,0.211111
autocoderover,engineering_complexity,large,true,30,150,2,0.013333,138,0.920000,0.014493
autocoderover,engineering_complexity,large,false,9,45,8,0.177778,42,0.933333,0.190476
autocoderover,f2p_test_count,1-2,true,19,95,16,0.168421,86,0.905263,0.186047
autocoderover,f2p_test_count,1-2,false,24,120,52,0.433333,114,0.950000,0.456140
autocoderover,f2p_test_count,3-5,true,26,130,20,0.153846,121,0.930769,0.165289
autocoderover,f2p_test_count,3-5,false,12,60,13,0.216667,58,0.966667,0.224138
autocoderover,f2p_test_count,6+,true,25,125,2,0.016000,116,0.928000,0.017241
autocoderover,f2p_test_count,6+,false,11,55,2,0.036364,54,0.981818,0.037037
autocoderover,repository,PennyLaneAI/pennylane,true,5,25,4,0.160000,24,0.960000,0.166667
autocoderover,repository,PennyLaneAI/pennylane,false,2,10,5,0.500000,10,1.000000,0.500000
autocoderover,repository,Qiskit/qiskit-addon-sqd,true,1,5,3,0.600000,5,1.000000,0.600000
autocoderover,repository,Qiskit/qiskit-addon-sqd,false,1,5,3,0.600000,5,1.000000,0.600000
autocoderover,repository,entropicalabs/openqaoa,true,2,10,3,0.300000,10,1.000000,0.300000
autocoderover,repository,entropicalabs/openqaoa,false,1,5,0,0.000000,2,0.400000,0.000000
autocoderover,repository,qiskit-community/qiskit-finance,true,1,5,2,0.400000,5,1.000000,0.400000
autocoderover,repository,qiskit-community/qiskit-finance,false,1,5,0,0.000000,5,1.000000,0.000000
autocoderover,repository,qiskit-community/qiskit-machine-learning,true,6,30,0,0.000000,29,0.966667,0.000000
autocoderover,repository,qiskit-community/qiskit-machine-learning,false,18,90,26,0.288889,86,0.955556,0.302326
autocoderover,repository,qiskit-community/qiskit-nature,true,35,175,6,0.034286,159,0.908571,0.037736
autocoderover,repository,qiskit-community/qiskit-nature,false,14,70,27,0.385714,69,0.985714,0.391304
autocoderover,repository,qiskit-community/qiskit-optimization,true,5,25,1,0.040000,24,0.960000,0.041667
autocoderover,repository,qiskit-community/qiskit-optimization,false,5,25,4,0.160000,25,1.000000,0.160000
autocoderover,repository,quantumlib/OpenFermion,true,11,55,15,0.272727,50,0.909091,0.300000
autocoderover,repository,quantumlib/OpenFermion,false,1,5,0,0.000000,5,1.000000,0.000000
autocoderover,repository,sQUlearn/squlearn,true,0,0,0,,0,,
autocoderover,repository,sQUlearn/squlearn,false,3,15,0,0.000000,14,0.933333,0.000000
autocoderover,repository,sandbox-quantum/Tangelo,true,1,5,4,0.800000,5,1.000000,0.800000
autocoderover,repository,sandbox-quantum/Tangelo,false,1,5,2,0.400000,5,1.000000,0.400000
autocoderover,repository,tequilahub/tequila,true,3,15,0,0.000000,12,0.800000,0.000000
autocoderover,repository,tequilahub/tequila,false,0,0,0,,0,,
autocoderover,repository_sensitivity,exclude_qiskit_nature,true,35,175,32,0.182857,164,0.937143,0.195122
autocoderover,repository_sensitivity,exclude_qiskit_nature,false,33,165,40,0.242424,157,0.951515,0.254777
autocoderover,quantum_specificity,medium,true,24,120,20,0.166667,115,0.958333,0.173913
autocoderover,quantum_specificity,medium,false,44,220,63,0.286364,213,0.968182,0.295775
autocoderover,quantum_specificity,strong,true,46,230,18,0.078261,208,0.904348,0.086538
autocoderover,quantum_specificity,strong,false,3,15,4,0.266667,13,0.866667,0.307692
all_agents,overall,all,true,70,1050,284,0.270476,975,0.928571,0.291282
all_agents,overall,all,false,47,705,367,0.520567,690,0.978723,0.531884
all_agents,engineering_complexity,small,true,20,300,149,0.496667,284,0.946667,0.524648
all_agents,engineering_complexity,small,false,19,285,192,0.673684,284,0.996491,0.676056
all_agents,engineering_complexity,medium,true,20,300,83,0.276667,276,0.920000,0.300725
all_agents,engineering_complexity,medium,false,19,285,132,0.463158,277,0.971930,0.476534
all_agents,engineering_complexity,large,true,30,450,52,0.115556,415,0.922222,0.125301
all_agents,engineering_complexity,large,false,9,135,43,0.318519,129,0.955556,0.333333
all_agents,f2p_test_count,1-2,true,19,285,101,0.354386,259,0.908772,0.389961
all_agents,f2p_test_count,1-2,false,24,360,230,0.638889,351,0.975000,0.655271
all_agents,f2p_test_count,3-5,true,26,390,120,0.307692,369,0.946154,0.325203
all_agents,f2p_test_count,3-5,false,12,180,91,0.505556,176,0.977778,0.517045
all_agents,f2p_test_count,6+,true,25,375,63,0.168000,347,0.925333,0.181556
all_agents,f2p_test_count,6+,false,11,165,46,0.278788,163,0.987879,0.282209
all_agents,repository,PennyLaneAI/pennylane,true,5,75,28,0.373333,71,0.946667,0.394366
all_agents,repository,PennyLaneAI/pennylane,false,2,30,21,0.700000,30,1.000000,0.700000
all_agents,repository,Qiskit/qiskit-addon-sqd,true,1,15,13,0.866667,15,1.000000,0.866667
all_agents,repository,Qiskit/qiskit-addon-sqd,false,1,15,10,0.666667,15,1.000000,0.666667
all_agents,repository,entropicalabs/openqaoa,true,2,30,13,0.433333,28,0.933333,0.464286
all_agents,repository,entropicalabs/openqaoa,false,1,15,3,0.200000,10,0.666667,0.300000
all_agents,repository,qiskit-community/qiskit-finance,true,1,15,11,0.733333,15,1.000000,0.733333
all_agents,repository,qiskit-community/qiskit-finance,false,1,15,3,0.200000,15,1.000000,0.200000
all_agents,repository,qiskit-community/qiskit-machine-learning,true,6,90,13,0.144444,86,0.955556,0.151163
all_agents,repository,qiskit-community/qiskit-machine-learning,false,18,270,167,0.618519,266,0.985185,0.627820
all_agents,repository,qiskit-community/qiskit-nature,true,35,525,84,0.160000,489,0.931429,0.171779
all_agents,repository,qiskit-community/qiskit-nature,false,14,210,119,0.566667,209,0.995238,0.569378
all_agents,repository,qiskit-community/qiskit-optimization,true,5,75,9,0.120000,70,0.933333,0.128571
all_agents,repository,qiskit-community/qiskit-optimization,false,5,75,34,0.453333,74,0.986667,0.459459
all_agents,repository,quantumlib/OpenFermion,true,11,165,86,0.521212,154,0.933333,0.558442
all_agents,repository,quantumlib/OpenFermion,false,1,15,0,0.000000,15,1.000000,0.000000
all_agents,repository,sQUlearn/squlearn,true,0,0,0,,0,,
all_agents,repository,sQUlearn/squlearn,false,3,45,0,0.000000,41,0.911111,0.000000
all_agents,repository,sandbox-quantum/Tangelo,true,1,15,14,0.933333,15,1.000000,0.933333
all_agents,repository,sandbox-quantum/Tangelo,false,1,15,10,0.666667,15,1.000000,0.666667
all_agents,repository,tequilahub/tequila,true,3,45,13,0.288889,32,0.711111,0.406250
all_agents,repository,tequilahub/tequila,false,0,0,0,,0,,
all_agents,repository_sensitivity,exclude_qiskit_nature,true,35,525,200,0.380952,486,0.925714,0.411523
all_agents,repository_sensitivity,exclude_qiskit_nature,false,33,495,248,0.501010,481,0.971717,0.515593
all_agents,quantum_specificity,medium,true,24,360,138,0.383333,340,0.944444,0.405882
all_agents,quantum_specificity,medium,false,44,660,346,0.524242,647,0.980303,0.534776
all_agents,quantum_specificity,strong,true,46,690,146,0.211594,635,0.920290,0.229921
all_agents,quantum_specificity,strong,false,3,45,21,0.466667,43,0.955556,0.488372
