repository,repo_id,stars,closed_issues,merged_prs,matched_keywords,project_role,scope_assessment,reason_code,scope_rationale,evidence_url,evidence_excerpt,readme_commit,existing_sample_count,sample_evidence,current_cohort,instance_audit_status,assessment_author,human_review_status,human_scope_decision,human_reviewer,human_review_date,human_notes,deep_review_source,deep_review_test,deep_review_limitations,second_review_source,second_review_finding,second_review_scope_option
XanaduAI/strawberryfields,126842861,854,117,536,quantum computing,光量子应用与电路,needs_exclusion_evidence,U01,apps/qchem/vibronic.py 将分子信息转换为 GBS 门参数并计算振动谱能量；apps/clique.py 提供图问题求解，应用不是只有 README 宣传。,https://github.com/XanaduAI/strawberryfields/blob/162125d8ad5fd5488322a30c520253189596adf5/README.md#L45,"* High-level functions for **solving practical problems** including **graph and network optimization**, **machine learning**, and **chemistry**.",162125d8ad5fd5488322a30c520253189596adf5,0,,not_in_existing_index,not_audited,Codex,pending,,,,,https://github.com/XanaduAI/strawberryfields/blob/162125d8ad5fd5488322a30c520253189596adf5/strawberryfields/apps/qchem/vibronic.py#L72,https://github.com/XanaduAI/strawberryfields/blob/162125d8ad5fd5488322a30c520253189596adf5/tests/apps/qchem/test_vibronic.py#L108,当前停止接受新功能 PR、使用光子/连续变量路线，都不能否定历史应用功能，也不是已采纳的排除条件。,https://github.com/XanaduAI/strawberryfields/blob/162125d8ad5fd5488322a30c520253189596adf5/doc/introduction/introduction.rst#L10,以连续变量光子电路为对象，Gaussian/Fock/Bosonic 后端与 GBS 应用层对应这一计算模型。,只有将研究范围显式收窄为量子比特模型、排除连续变量光子应用，才有清楚的架构边界；本轮未采纳。
microsoft/QuantumLibraries,154377414,572,137,407,quantum computing; quantum chemistry,SDK 标准库与化学库,needs_exclusion_evidence,U01,除 Q# 标准库外，存在 Chemistry 的费米到 Pauli/Jordan–Wigner 映射及 MachineLearning 训练实现，并有 Python qsharp-chemistry 接口。不能整体归为语言工具。,https://github.com/microsoft/QuantumLibraries/blob/f2f5e380225367ee4eb995d922067025dc77f0a0/README.md#L17,- **[Chemistry/](./Chemistry)**: Q# and C# sources used to implement a library for [quantum chemistry](https://docs.microsoft.com/azure/quantum/user-guide/libraries/chemistry) and Hamiltonian simulation. - **[Numerics/](./Numerics)**: Q# sources used to,f2f5e380225367ee4eb995d922067025dc77f0a0,0,,not_in_existing_index,not_audited,Codex,pending,,,,,https://github.com/microsoft/QuantumLibraries/blob/f2f5e380225367ee4eb995d922067025dc77f0a0/Python/qsharp-chemistry/qsharp/chemistry/__init__.py#L49,https://github.com/microsoft/QuantumLibraries/blob/f2f5e380225367ee4eb995d922067025dc77f0a0/Python/qsharp-chemistry/qsharp/tests/test_chemistry.py#L72,发现 Python/qsharp-chemistry/qsharp/tests/test_chemistry.py，故不能以没有 Python 验证入口排除。依赖 .NET/Q# 的实际环境尚未构建。,https://github.com/microsoft/QuantumLibraries/blob/f2f5e380225367ee4eb995d922067025dc77f0a0/Chemistry/README.md#L8,Chemistry 的实际模型处理在 C# DataModel、算法在 Q# Runtime；Python qsharp-chemistry 明确是互操作接口。,可考虑以“应用实现主要由 Python 维护”收窄任务技术栈；这不同于目前仅要求 Python 测试入口，属于新增语言规则，本轮未采纳。
tequilahub/tequila,259718912,442,40,364,quantum computing; quantum chemistry,变分量子算法与化学,needs_exclusion_evidence,U01,QuantumChemistryBase 实现 Molecule 应用入口，维护量子化学变换、参考态和 Hamiltonian 功能；PR #469 同时增加 ghost atom 支持与化学测试。,https://github.com/tequilahub/tequila/blob/93c361b6821ae6790fd0fc3d0b7a0ebfaa312be4/README.md#L5,"Tequila is an abstraction framework for (variational) quantum algorithms. It operates on abstract data structures allowing the formulation, combination, automatic differentiation and optimization",93c361b6821ae6790fd0fc3d0b7a0ebfaa312be4,0,,not_in_existing_index,not_audited,Codex,pending,,,,,https://github.com/tequilahub/tequila/blob/93c361b6821ae6790fd0fc3d0b7a0ebfaa312be4/src/tequila/quantumchemistry/qc_base.py#L50,https://github.com/tequilahub/tequila/blob/93c361b6821ae6790fd0fc3d0b7a0ebfaa312be4/tests/test_chemistry.py#L150,多后端或抽象框架设计同样存在于保留仓库，不能作为排除理由。未发现 ghost atom PR 的结构化关闭 Issue 链接，不等于不存在相关 Issue。,https://github.com/tequilahub/tequila/blob/93c361b6821ae6790fd0fc3d0b7a0ebfaa312be4/docs/source/tequila.rst#L32,正式 API 文档列出 Molecule 和 QuantumChemistryBase；README 提供从分子到 qubit Hamiltonian 和 VQE 的应用入口。,框架、多后端和外部化学依赖均不能按现有标准支持排除。
qiboteam/qibo,241307936,366,528,1120,quantum computing,混合应用与后端框架,needs_exclusion_evidence,U01,src/qibo/models/variational.py 实现 VQE、AAVQE、QAOA、FALQON，qcnn.py 提供训练分类模型；不只是模拟后端或电路 SDK。,https://github.com/qiboteam/qibo/blob/daab039a55c5f34793d26ce159b48b0d477b9a47/README.md#L9,Some of the key features of Qibo are: - Definition of a standard language for the construction and execution of quantum circuits with,daab039a55c5f34793d26ce159b48b0d477b9a47,0,,not_in_existing_index,not_audited,Codex,pending,,,,,https://github.com/qiboteam/qibo/blob/daab039a55c5f34793d26ce159b48b0d477b9a47/src/qibo/models/variational.py#L8,https://github.com/qiboteam/qibo/blob/daab039a55c5f34793d26ce159b48b0d477b9a47/tests/test_models_variational.py#L283,近期 PR 偏转译器不代表仓库只有转译器功能，已有应用模块和对应测试不能忽略。,https://github.com/qiboteam/qibo/blob/daab039a55c5f34793d26ce159b48b0d477b9a47/src/qibo/models/__init__.py#L24,官方模型入口直接导出 VQE、AAVQE、QAOA、FALQON；源码另有 QCNN 训练分类实现。,尝试按通用语言/模拟后端排除，但应用模块构成明确反证，当前标准不足。
eclipse-qrisp/Qrisp,632066325,298,207,355,quantum computing,高层算法语言与框架,needs_exclusion_evidence,U01,直接实现 portfolio_rebalancing 的量子成本算符以及 electronic_structure 的电子积分转换与量子比特 Hamiltonian 构造；包含实际金融和化学应用。,https://github.com/eclipse-qrisp/Qrisp/blob/da9e3668eab52c9f5ded8f82039f5e71805e657b/README.md#L23,Qrisp is a high-level quantum programming framework that allows for intuitive development of quantum algorithms. It provides a rich set of tools and,da9e3668eab52c9f5ded8f82039f5e71805e657b,0,,not_in_existing_index,not_audited,Codex,pending,,,,,https://github.com/eclipse-qrisp/Qrisp/blob/da9e3668eab52c9f5ded8f82039f5e71805e657b/src/qrisp/algorithms/vqe/problems/electronic_structure.py#L206,https://github.com/eclipse-qrisp/Qrisp/blob/da9e3668eab52c9f5ded8f82039f5e71805e657b/tests/algorithms_tests/qaoa_tests/test_QAOAmaxCut.py#L27,量子类型和编译功能没有消除其应用层实现；不能整体按语言工具排除。,https://github.com/eclipse-qrisp/Qrisp/blob/da9e3668eab52c9f5ded8f82039f5e71805e657b/README.md#L23,主体确实包含高层量子编程、量子类型及编译；已核对 portfolio_rebalancing 和 electronic_structure 的实际实现。,尝试按语言/编译框架排除，但在目前混合项目规则下仍不充分。
entropicalabs/openqaoa,482741192,144,38,217,quantum optimization,QAOA 量子优化应用,needs_exclusion_evidence,U01,维护 PortfolioOptimization、背包等问题建模和端到端 QAOA workflow；功能横跨优化与金融，并非只提供 QAOA 电路。,https://github.com/entropicalabs/openqaoa/blob/c6e7dd759392fcca180bab9bd29c5f5e7dab3662/README.md#L22,A multi-backend python library for quantum optimization using QAOA on Quantum computers and Quantum computer simulators. Check out the OpenQAOA website at [https://openqaoa.entropicalabs.com/](https://openqaoa.entropicalabs.com/),c6e7dd759392fcca180bab9bd29c5f5e7dab3662,0,,not_in_existing_index,not_audited,Codex,pending,,,,,https://github.com/entropicalabs/openqaoa/blob/c6e7dd759392fcca180bab9bd29c5f5e7dab3662/src/openqaoa-core/openqaoa/algorithms/qaoa/qaoa_workflow.py#L29,https://github.com/entropicalabs/openqaoa/blob/c6e7dd759392fcca180bab9bd29c5f5e7dab3662/src/openqaoa-core/tests/test_knapsack.py#L41,聚焦 QAOA 不构成范围不符；CI 还明确提供排除 QPU/simulator 标记的本地测试路径。,https://github.com/entropicalabs/openqaoa/blob/c6e7dd759392fcca180bab9bd29c5f5e7dab3662/README.md#L79,主功能围绕 QAOA 的参数化、mixer、优化器、执行后端及递归 QAOA；不是通用编译器。,可提出只研究多算法应用工具库、排除单一算法族包；这是新的广度限制，须定义算法族并检查现有七库，本轮未采纳。
qiskit-community/ffsim,681327100,108,111,520,quantum chemistry,费米量子电路模拟,needs_exclusion_evidence,U01,除模拟外，定义 MolecularHamiltonian、MolecularData 和 UCJ 变分算符，测试核对 PySCF FCI 能量、轨道旋转与费米算符往返转换；与论文量子表示等价主题直接重叠。,https://github.com/qiskit-community/ffsim/blob/cd4228a9e4be5975830da7523ee4da7649740307/README.md#L5,ffsim is a software library for simulating fermionic quantum circuits that conserve particle number and the *z* component of spin. This category includes,cd4228a9e4be5975830da7523ee4da7649740307,0,,not_in_existing_index,not_audited,Codex,pending,,,,,https://github.com/qiskit-community/ffsim/blob/cd4228a9e4be5975830da7523ee4da7649740307/python/ffsim/hamiltonians/molecular_hamiltonian.py#L33,https://github.com/qiskit-community/ffsim/blob/cd4228a9e4be5975830da7523ee4da7649740307/tests/python/hamiltonians/molecular_hamiltonian_test.py#L203,源码显示其范围超过通用模拟引擎，因此不能仅凭名称 sim 或高性能模拟主定位作无条件排除。,https://github.com/qiskit-community/ffsim/blob/cd4228a9e4be5975830da7523ee4da7649740307/README.md#L5,官方核心定位是利用粒子数与自旋守恒加速费米电路模拟；主入口导出大量 state-vector gate application 接口。,若明确将领域专用模拟器也排除，可按主要产品是模拟引擎提出意见；当前应用模块例外使这一判断仍有争议。
sQUlearn/squlearn,641796050,105,83,275,quantum computing; quantum machine learning,量子机器学习应用,needs_exclusion_evidence,U01,实现 QSVC 和 QNNClassifier 等可直接训练预测的量子机器学习模型，测试覆盖 predict、参数更新和序列化；不是只提供适配层。,https://github.com/sQUlearn/squlearn/blob/0f6cb0982fdbe80dcd0ea6cb0acd68c59e362de4/README.md#L5,"sQUlearn is a user-friendly, NISQ-ready Python library for quantum machine learning (QML), designed for seamless integration with classical machine learning tools like scikit-learn.",0f6cb0982fdbe80dcd0ea6cb0acd68c59e362de4,0,,not_in_existing_index,not_audited,Codex,pending,,,,,https://github.com/sQUlearn/squlearn/blob/0f6cb0982fdbe80dcd0ea6cb0acd68c59e362de4/src/squlearn/qnn/qnnc.py#L36,https://github.com/sQUlearn/squlearn/blob/0f6cb0982fdbe80dcd0ea6cb0acd68c59e362de4/tests/kernel/test_qsvc.py#L111,基于 scikit-learn/PennyLane/Qiskit 不意味着没有自主维护的应用功能；依赖其他库不是排除标准。,https://github.com/sQUlearn/squlearn/blob/0f6cb0982fdbe80dcd0ea6cb0acd68c59e362de4/README.md#L5,提供量子 kernel、QNN 和 reservoir 模型的 scikit-learn 兼容接口，并有独立实现和测试。,适配现有框架或面向研究用途均不足以排除。
Qiskit/qiskit-addon-sqd,843403437,101,59,252,quantum chemistry,Hamiltonian 本征问题应用,needs_exclusion_evidence,U01,diagonalize_fermionic_hamiltonian 实现 SQD 应用算法；测试覆盖基态能量、spin symmetrization 和采样配置，与现有化学和费米语义任务直接重叠。,https://github.com/Qiskit/qiskit-addon-sqd/blob/8124d790600a764740fd40f44956a67ddecb3cd1/README.md#L17,"This package implements sample-based quantum diagonalization (SQD) -- a technique for finding eigenvalues and eigenvectors of quantum operators, such as a quantum system",8124d790600a764740fd40f44956a67ddecb3cd1,0,,not_in_existing_index,not_audited,Codex,pending,,,,,https://github.com/Qiskit/qiskit-addon-sqd/blob/8124d790600a764740fd40f44956a67ddecb3cd1/qiskit_addon_sqd/fermion.py#L204,https://github.com/Qiskit/qiskit-addon-sqd/blob/8124d790600a764740fd40f44956a67ddecb3cd1/test/test_fermion.py#L55,以经典后处理为主不等于非量子应用；量子样本、Hamiltonian 和物理对称性是其核心输入与约束。,https://github.com/Qiskit/qiskit-addon-sqd/blob/8124d790600a764740fd40f44956a67ddecb3cd1/README.md#L91,主要接收用户提供的样本，做构型恢复、Hamiltonian 投影和经典子空间对角化；官方明确提供 Fermionic/qubit 求解器。,可提出多算法工具库范围、排除专门算法 addon；不能直接套用“经典科学软件”排除，本轮未采纳。
