repository,repo_id,stars,closed_issues,merged_prs,matched_keywords,project_role,scope_assessment,reason_code,scope_rationale,evidence_url,evidence_excerpt,readme_commit,existing_sample_count,sample_evidence,current_cohort,instance_audit_status,assessment_author,human_review_status,human_scope_decision,human_reviewer,human_review_date,human_notes
Qiskit/qiskit,83821669,7849,5019,9162,quantum computing,通用电路 SDK,exclude_proposed,E04,核心抽象为电路、算符、执行原语和转译器；按应用层仓库标准排除通用电路基础设施，而不是因为其不能被应用使用。,https://github.com/Qiskit/qiskit/blob/649763bbb0c7b7967d46aea5c6971bc4e5d1311a/README.md#L14,"This library is the core component of Qiskit, which contains the building blocks for creating and working with quantum circuits, quantum operators, and",649763bbb0c7b7967d46aea5c6971bc4e5d1311a,0,,not_in_existing_index,not_audited,Codex,pending,,,,
deepchem/deepchem,43098215,7023,1305,1934,quantum chemistry,科学机器学习,exclude_proposed,E05,主定位为药物、材料和化学的深度学习工具链；不以量子计算应用算法或量子机器学习模型为主要产品定位。,https://github.com/deepchem/deepchem/blob/455d07f3e17e880a4d980b5b0365e4a02b417e14/README.md#L13,"DeepChem aims to provide a high quality open-source toolchain that democratizes the use of deep-learning in drug discovery, materials science, quantum chemistry, and",455d07f3e17e880a4d980b5b0365e4a02b417e14,0,,not_in_existing_index,not_audited,Codex,pending,,,,
quantumlib/Cirq,114306758,5076,2422,4890,quantum computing; quantum machine learning,通用电路 SDK,exclude_proposed,E04,主要提供量子电路编写、变换、编译、执行和模拟等基础设施，不是面向问题域的应用层库。,https://github.com/quantumlib/Cirq/blob/da3f2cd9d87834500d49c745145f90d7afa2a7f3/README.md#L6,"Python package for writing, manipulating, and running [quantum circuits](https://en.wikipedia.org/wiki/Quantum_circuit) on quantum computers and simulators.",da3f2cd9d87834500d49c745145f90d7afa2a7f3,0,,not_in_existing_index,not_audited,Codex,pending,,,,
microsoft/QuantumKatas,136380207,4910,153,605,quantum computing; quantum machine learning,教学练习,exclude_proposed,E01,主要为自学教程和编程练习；练习自带测试不等于真实应用库的功能开发任务。,https://github.com/microsoft/QuantumKatas/blob/1a4740ff70ceffebde73d1434b2dedbe27643300/README.md#L11,The Quantum Katas are a collection of self-paced tutorials and programming exercises to help you learn quantum computing and Q# programming. Each kata,1a4740ff70ceffebde73d1434b2dedbe27643300,0,,not_in_existing_index,not_audited,Codex,pending,,,,
microsoft/Quantum,110042100,4048,111,486,quantum computing; quantum chemistry,SDK 示例集,exclude_proposed,E01,仓库提供彼此独立的 QDK 示例，不是被这些示例调用的应用软件核心实现。,https://github.com/microsoft/Quantum/blob/900993366080c015eb24fa84d09c3019f600656c/README.md#L17,These samples demonstrate the use of the Quantum Development Kit for a variety of different quantum computing tasks. Each sample is self-contained in,900993366080c015eb24fa84d09c3019f600656c,0,,not_in_existing_index,not_audited,Codex,pending,,,,
PennyLaneAI/pennylane,129936360,3481,1386,6691,quantum computing; quantum chemistry; quantum machine learning,量子机器学习及混合应用,retain_existing,K01,提供量子机器学习、化学、优化的应用算法与可微分工作流；现有数据集有对应实例元数据。其含后端与编译支持不能作为一刀切排除框架的理由。,https://github.com/PennyLaneAI/pennylane/blob/4c1865f2676bc74c72f02bc066473fb363d87564/README.md#L54,"Quantum computing can be complex — PennyLane makes it natural. Leverage the world’s largest library of [research demos](https://pennylane.ai/qml/demonstrations), [interactive tutorials](https://pennylane.ai/codebook/), and state-of-the-art components",4c1865f2676bc74c72f02bc066473fb363d87564,7,../samples/pennylane/pennylane_166_588/sample.json,include_existing,existing_sample_metadata_available,Codex,pending,,,,
tensorflow/quantum,238772762,2186,340,506,quantum computing; quantum machine learning,量子机器学习,needs_exclusion_evidence,U01,README 明确提供混合量子经典机器学习和高层 Keras 抽象，与 PennyLane 和 Qiskit Machine Learning 的范围重叠；目前没有成立的范围排除依据。,https://github.com/tensorflow/quantum/blob/9e378d1e3f21e4387120ecdf8506dfa058d338c8/README.md#L7,High-performance Python framework for hybrid quantum-classical machine learning [![Licensed under the Apache 2.0,9e378d1e3f21e4387120ecdf8506dfa058d338c8,0,,not_in_existing_index,not_audited,Codex,pending,,,,
Classiq/classiq-library,688488142,2040,84,1095,quantum computing,应用示例与教程集,exclude_proposed,E01,当前仓库主要承载基于 Classiq SDK/Qmod 的函数、应用示例与教程；SDK 核心实现不在此库。排除依据是代码载体，不是应用题材。,https://github.com/Classiq/classiq-library/blob/5535c597a3ffa56f3de886d2e9d4eae2bf8fdb77/README.md#L70,This repository has 2 kinds of demos: `.qmod` and `.ipynb`. The `.qmod` files are intended for usage with [Classiq's platform](https://platform.classiq.io/).,5535c597a3ffa56f3de886d2e9d4eae2bf8fdb77,0,,not_in_existing_index,not_audited,Codex,pending,,,,
quantumlib/OpenFermion,104403768,1739,324,871,quantum computing; quantum chemistry,费米系统与量子化学表示,retain_existing,K01,提供费米系统、Hamiltonian 表示和面向量子计算的电子结构工具；现有数据集有对应实例元数据。,https://github.com/quantumlib/OpenFermion/blob/60a6e1ab3362b6e580a3a96ebf24e42680c78799/README.md#L5,Electronic structure package for quantum computers. [![Compatible with Python versions 3.10 and higher](https://img.shields.io/badge/Python-3.10+-fcbc2c.svg?style=flat-square&logo=python&logoColor=white)](https://www.python.org/downloads/),60a6e1ab3362b6e580a3a96ebf24e42680c78799,12,../samples/openfermion/openfermion_151_352/sample.json,include_existing,existing_sample_metadata_available,Codex,pending,,,,
pyscf/pyscf,19384819,1681,1603,1264,quantum chemistry,经典电子结构计算,exclude_proposed,E05,主要为经典计算环境中的量子化学和电子结构计算；严格应用范围要求量子计算算法或其问题到量子表示的实现，而非所有量子力学科学软件。,https://github.com/pyscf/pyscf/blob/e47d1279f72ffd50cbad43fbfed50511d8415b7e/README.md#L5,Python-based Simulations of Chemistry Framework ----------------------------------------------- [![Build Status](https://github.com/pyscf/pyscf/workflows/CI/badge.svg)](https://github.com/pyscf/pyscf/actions?query=workflow%3ACI),e47d1279f72ffd50cbad43fbfed50511d8415b7e,0,,not_in_existing_index,not_audited,Codex,pending,,,,
openqasm/openqasm,83821737,1511,175,340,quantum computing,量子语言与规范,exclude_proposed,E02,主要为 OpenQASM 语言规范、中间表示和相关工具，属于语言层。,https://github.com/openqasm/openqasm/blob/7fbf9e9eb3692a1288c014d6efd43523701886c6/README.md#L3,"OpenQASM is an imperative programming language for describing quantum circuits. It is capable of describing universal quantum computing using the circuit model, measurement-based",7fbf9e9eb3692a1288c014d6efd43523701886c6,0,,not_in_existing_index,not_audited,Codex,pending,,,,
psi4/psi4,9174469,1223,954,1885,quantum chemistry,经典电子结构计算,exclude_proposed,E05,主定位为高精度分子性质的 ab initio 量子化学计算，不是量子计算应用算法软件。,https://github.com/psi4/psi4/blob/da101ee409fcec1fbc3c51ac6b89ebe5a4bb02e4/README.md#L30,"Psi4 is an open-source suite of *ab initio* quantum chemistry programs designed for efficient, high-accuracy simulations of molecular properties. We routinely perform computations",da101ee409fcec1fbc3c51ac6b89ebe5a4bb02e4,0,,not_in_existing_index,not_audited,Codex,pending,,,,
cp2k/cp2k,151238791,1213,896,4701,quantum chemistry,经典原子尺度模拟,exclude_proposed,E05,核心功能为 DFT、分子动力学等原子尺度科学计算；不属于本次量子计算应用层范围。不是按 Fortran 语言排除。,https://github.com/cp2k/cp2k/blob/a9ecbe8e3053ff9f89fe83ee23d058f87b012a38/README.md#L8,"CP2K is a quantum chemistry and solid state physics software package that can perform atomistic simulations of solid state, liquid, molecular, periodic, material,",a9ecbe8e3053ff9f89fe83ee23d058f87b012a38,0,,not_in_existing_index,not_audited,Codex,pending,,,,
qiskit-community/qiskit-machine-learning,342885422,1100,332,641,quantum computing; quantum machine learning,量子机器学习,retain_existing,K01,提供量子核与量子神经网络及分类回归应用；现有数据集有对应实例元数据。,https://github.com/qiskit-community/qiskit-machine-learning/blob/3bdcce7e39aaca0700a7a7fcfba79230a8825a41/README.md#L18,"Qiskit Machine Learning introduces fundamental computational building blocks, such as Quantum Kernels and Quantum Neural Networks, used in various applications including classification and",3bdcce7e39aaca0700a7a7fcfba79230a8825a41,24,../samples/qiskit-machine-learning/qiskit_machine_learning_112_151/sample.json,include_existing,existing_sample_metadata_available,Codex,pending,,,,
QuantumBFS/Yao.jl,129408314,1042,235,265,quantum computing,量子算法框架,needs_exclusion_evidence,U02,提供可微分量子编程和算法研究工具；仅以框架或 Julia 为由排除会与当前标准冲突，需进一步核对应用模块和实例验证路径。,https://github.com/QuantumBFS/Yao.jl/blob/a630fdf9fadfc19d2211e12c3594c77ff0d30754/README.md#L18,Yao is an open source framework that aims to empower quantum information research with software tools. It is designed with following in mind:,a630fdf9fadfc19d2211e12c3594c77ff0d30754,0,,not_in_existing_index,not_audited,Codex,pending,,,,
microsoft/qdk,593773927,1017,833,2511,quantum computing,语言与开发工具链,exclude_proposed,E02,主要包含 Q# 编译器、语言服务、编辑器、标准库和资源估算工具；属于语言与工具链层。,https://github.com/microsoft/qdk/blob/93fdac60ef252e31f68711e7b861dde650dc812e/README.md#L5,"This repository contains tooling for the Q# language, specifically: - **[compiler](./source/compiler/qsc/)**: core compiler logic and command-line tooling",93fdac60ef252e31f68711e7b861dde650dc812e,0,,not_in_existing_index,not_audited,Codex,pending,,,,
ProjectQ-Framework/ProjectQ,77520796,976,127,258,quantum computing,编译与执行框架,exclude_proposed,E02,README 主要定位为编译框架、模拟器和编译器插件，按应用层与编译执行层边界排除。,https://github.com/ProjectQ-Framework/ProjectQ/blob/f2a2c2117a668869b3864f8da2b14260276527de/README.rst#L25,"It features a compilation framework capable of targeting various types of hardware, a high-performance quantum computer simulator with emulation capabilities, and various compiler",f2a2c2117a668869b3864f8da2b14260276527de,0,,not_in_existing_index,not_audited,Codex,pending,,,,
AgnostiqHQ/covalent,424247027,868,748,856,quantum computing,工作流与任务调度,exclude_proposed,E03,主要执行和调度云端或集群上的 AI/ML 与科学计算任务；量子作业是其适用场景，不是应用算法本身。,https://github.com/AgnostiqHQ/covalent/blob/1e3da80435eab80bb1baf988d8ed7285a455b48e/README.md#L35,"Covalent is a Python library for AI/ML engineers, developers, and researchers. It provides a straightforward approach to running compute jobs, like LLMs, generative",1e3da80435eab80bb1baf988d8ed7285a455b48e,0,,not_in_existing_index,not_audited,Codex,pending,,,,
XanaduAI/strawberryfields,126842861,854,117,536,quantum computing,光量子应用与电路,needs_exclusion_evidence,U01,除电路和模拟后端外，明确提供图优化与机器学习的高层应用；不能仅因光子或连续变量路线而排除，需要一致的范围边界。,https://github.com/XanaduAI/strawberryfields/blob/162125d8ad5fd5488322a30c520253189596adf5/README.md#L45,"* High-level functions for **solving practical problems** including **graph and network optimization**, **machine learning**, and **chemistry**.",162125d8ad5fd5488322a30c520253189596adf5,0,,not_in_existing_index,not_audited,Codex,pending,,,,
PennyLaneAI/demos,214003948,680,124,1379,quantum computing; quantum chemistry; quantum machine learning,研究演示集,exclude_proposed,E01,主要承载 PennyLane 演示、教程和 notebook/script 示例，而非 PennyLane 核心库功能实现。,https://github.com/PennyLaneAI/demos/blob/3a04df83a16af3a2f0fd9398c0b5cc2c060ebedd/README.md#L24,"This repository hosts a collection of demonstrations built with [PennyLane](https://pennylane.ai/), a cross-platform Python library for quantum computing, quantum machine learning, and quantum chemistry.",3a04df83a16af3a2f0fd9398c0b5cc2c060ebedd,0,,not_in_existing_index,not_audited,Codex,pending,,,,
amazon-braket/amazon-braket-examples,301518776,589,47,649,quantum computing; quantum chemistry; quantum machine learning; quantum optimization,SDK 示例与教程,exclude_proposed,E01,仓库定位明确为 Braket 示例和教程，不是 SDK 或应用库实现。,https://github.com/amazon-braket/amazon-braket-examples/blob/9a03debcf6032443e3708bec94dafd6eb867db54/README.md#L4,"Welcome to the primary repository for Amazon Braket examples and tutorials. Learn how to *build*, *test*, and *run* quantum circuits and programs using",9a03debcf6032443e3708bec94dafd6eb867db54,0,,not_in_existing_index,not_audited,Codex,pending,,,,
qiskit-community/qiskit-aqua,137125898,582,418,1056,quantum computing; quantum optimization,已拆分的前身应用框架,exclude_proposed,E08,README 明确说明应用功能已拆分至独立应用仓库；按当前应用模块边界抽样，避免同时把前身聚合库作为另一独立仓库。此理由不等于已证明历史任务重复。,https://github.com/qiskit-community/qiskit-aqua/blob/c1564af8792c6664670807614a378147fd04d28f/README.md#L9,"function provided by Qiskit Aqua is not going away rather it has being split out to separate application repositories, with core algorithm and",c1564af8792c6664670807614a378147fd04d28f,0,,not_in_existing_index,not_audited,Codex,pending,,,,
microsoft/QuantumLibraries,154377414,572,137,407,quantum computing; quantum chemistry,SDK 标准库与化学库,needs_exclusion_evidence,U02,仓库同时包含 Q# 标准库和真实量子化学/Hamiltonian 模拟库；不能忽略化学模块而笼统判为语言工具，也不能仅按实现语言排除。,https://github.com/microsoft/QuantumLibraries/blob/f2f5e380225367ee4eb995d922067025dc77f0a0/README.md#L17,- **[Chemistry/](./Chemistry)**: Q# and C# sources used to implement a library for [quantum chemistry](https://docs.microsoft.com/azure/quantum/user-guide/libraries/chemistry) and Hamiltonian simulation. - **[Numerics/](./Numerics)**: Q# sources used to,f2f5e380225367ee4eb995d922067025dc77f0a0,0,,not_in_existing_index,not_audited,Codex,pending,,,,
QuEST-Kit/QuEST,86454800,490,269,415,quantum computing,高性能量子模拟引擎,exclude_proposed,E04,主要为状态向量与密度矩阵的高性能模拟引擎，按执行后端而非应用算法仓库处理。,https://github.com/QuEST-Kit/QuEST/blob/a61289550ab17a784739cde43094e0ec340dc648/README.md#L32,"The **Quantum Exact Simulation Toolkit** (QuEST) is a high-performance simulator of quantum statevectors and density matrices. It hybridises **multithreading**, **GPU acceleration** and **distribution**",a61289550ab17a784739cde43094e0ec340dc648,0,,not_in_existing_index,not_audited,Codex,pending,,,,
tequilahub/tequila,259718912,442,40,364,quantum computing; quantum chemistry,变分量子算法与化学,needs_exclusion_evidence,U01,提供目标函数组合、自动微分、优化和量子化学工作流，与 PennyLane/Tangelo 的定位重叠；目前不能作范围不符结论。,https://github.com/tequilahub/tequila/blob/93c361b6821ae6790fd0fc3d0b7a0ebfaa312be4/README.md#L5,"Tequila is an abstraction framework for (variational) quantum algorithms. It operates on abstract data structures allowing the formulation, combination, automatic differentiation and optimization",93c361b6821ae6790fd0fc3d0b7a0ebfaa312be4,0,,not_in_existing_index,not_audited,Codex,pending,,,,
QMCPACK/qmcpack,78669859,408,1247,4351,quantum chemistry,经典量子蒙特卡洛,exclude_proposed,E05,核心为运行于经典 HPC 的多体 ab initio Quantum Monte Carlo 电子结构计算；量子力学模型本身不等于量子计算应用算法。,https://github.com/QMCPACK/qmcpack/blob/cbe5279705d0c6a2947c4b878a49719d4b3b1285/README.md#L12,"QMCPACK is an open-source production-level many-body ab initio Quantum Monte Carlo code for computing the electronic structure of atoms, molecules, 2D nanomaterials and",cbe5279705d0c6a2947c4b878a49719d4b3b1285,0,,not_in_existing_index,not_audited,Codex,pending,,,,
qiskit-community/qiskit-nature,333498711,398,388,881,quantum computing,量子自然科学应用,retain_existing,K01,提供电子与振动结构、二次量子化算符、到量子比特空间的映射及自然科学算法；现有数据集有对应实例元数据。,https://github.com/qiskit-community/qiskit-nature/blob/5944cdb3b4f6505084a8b24083be9de6a1a1d1fc/README.md#L5,**Qiskit Nature** is an open-source framework which supports solving quantum mechanical natural science problems using quantum computing algorithms. This includes finding ground and,5944cdb3b4f6505084a8b24083be9de6a1a1d1fc,49,../samples/qiskit-nature/qiskit_nature_1257_1270/sample.json,include_existing,existing_sample_metadata_available,Codex,pending,,,,
tqec/tqec,707313729,388,348,545,quantum computing,容错量子计算与纠错,exclude_proposed,E06,主要自动构造和编译表面码/lattice-surgery 容错计算，属于纠错与实现层而非本次化学、机器学习、优化、金融应用范围。,https://github.com/tqec/tqec/blob/72df7b849ad61d0c353207ed19d2e55faaf5be69/README.md#L15,"TQEC (Topological Quantum Error Correction) is a design automation software project for representing, constructing and compiling large-scale fault-tolerant quantum computations based on the",72df7b849ad61d0c353207ed19d2e55faaf5be69,0,,not_in_existing_index,not_audited,Codex,pending,,,,
amazon-braket/amazon-braket-sdk-python,221583289,372,155,985,quantum computing,云设备访问 SDK,exclude_proposed,E03,主定位为与 Braket 量子硬件交互的 SDK；属于设备访问与作业执行层。,https://github.com/amazon-braket/amazon-braket-sdk-python/blob/fbe1b479eb9acb23613b8934a59f3a761a068f8b/README.md#L10,The Amazon Braket Python SDK is an open source library that provides a framework that you can use to interact with quantum computing,fbe1b479eb9acb23613b8934a59f3a761a068f8b,0,,not_in_existing_index,not_audited,Codex,pending,,,,
qiboteam/qibo,241307936,366,528,1120,quantum computing,混合应用与后端框架,needs_exclusion_evidence,U02,同时提供模拟/硬件控制和量子算法应用；不能仅凭 full-stack 名称排除，需核对核心应用模块与现有框架的统一边界。,https://github.com/qiboteam/qibo/blob/daab039a55c5f34793d26ce159b48b0d477b9a47/README.md#L9,Some of the key features of Qibo are: - Definition of a standard language for the construction and execution of quantum circuits with,daab039a55c5f34793d26ce159b48b0d477b9a47,0,,not_in_existing_index,not_audited,Codex,pending,,,,
Quantinuum/pytket-docs,140554016,334,93,314,quantum computing,文档与示例,exclude_proposed,E01,README 明确说明此库包含用户手册和 notebooks，不包含 pytket 本体源码。,https://github.com/Quantinuum/pytket-docs/blob/04057345ba616de057d28b490e8d961a6820dfa6/README.md#L8,This repository contains the pytket user manual and example notebooks content in the `docs` directory. It does not contain source code for pytket,04057345ba616de057d28b490e8d961a6820dfa6,0,,not_in_existing_index,not_audited,Codex,pending,,,,
qiskit-community/qiskit-finance,331032371,328,24,312,quantum finance,量子金融应用,retain_existing,K01,提供证券不确定性建模、组合优化等金融应用组件；现有数据集有对应实例元数据。,https://github.com/qiskit-community/qiskit-finance/blob/45dc4e39eab14af5270a1de7028e4b16417676f9/README.md#L9,"**Qiskit Finance** is an open-source framework that contains uncertainty components for stock/securities problems, applications, such as portfolio optimization, and data providers to source",45dc4e39eab14af5270a1de7028e4b16417676f9,2,../samples/qiskit-finance/qiskit_finance_54_57/sample.json,include_existing,existing_sample_metadata_available,Codex,pending,,,,
Quantinuum/tket,405970114,317,482,1481,quantum computing,量子编译器,exclude_proposed,E02,核心产品为 TKET 编译器及 Python bindings；提供电路执行接口不改变其编译基础设施定位。,https://github.com/Quantinuum/tket/blob/d2bb207981244205cbf9ddc9ef0257112c366558/README.md#L9,"TKET (pronounced ""ticket"") is a high-performance quantum compiler that can optimize circuits for a wide range of quantum computing architectures. This repository contains",d2bb207981244205cbf9ddc9ef0257112c366558,0,,not_in_existing_index,not_audited,Codex,pending,,,,
quantumlib/ReCirq,246951354,310,89,319,quantum computing; quantum machine learning,应用与实验模块,needs_exclusion_evidence,U02,README 明确说明包含量子计算应用和实验模块；须检查实际复用边界，不能直接等同于纯教程或认定缺少测试。,https://github.com/quantumlib/ReCirq/blob/9ac71635111438a21e795f8a512ff60c32ab13a7/README.md#L5,"This project contains modules for running quantum computing applications and experiments through Cirq. By way of example, we also document best practices for",9ac71635111438a21e795f8a512ff60c32ab13a7,0,,not_in_existing_index,not_audited,Codex,pending,,,,
eclipse-qrisp/Qrisp,632066325,298,207,355,quantum computing,高层算法语言与框架,needs_exclusion_evidence,U02,具有量子类型、编译及算法开发功能，属于混合层次；需要检查应用模块，不能仅凭有编译功能排除。,https://github.com/eclipse-qrisp/Qrisp/blob/da9e3668eab52c9f5ded8f82039f5e71805e657b/README.md#L23,Qrisp is a high-level quantum programming framework that allows for intuitive development of quantum algorithms. It provides a rich set of tools and,da9e3668eab52c9f5ded8f82039f5e71805e657b,0,,not_in_existing_index,not_audited,Codex,pending,,,,
Quantum-Accelerators/quacc,439713489,295,448,2488,quantum chemistry,科学计算工作流,exclude_proposed,E03,主要统一和调度材料/化学工作流，基于 ASE 等经典计算工具；属于任务编排层。,https://github.com/Quantum-Accelerators/quacc/blob/2562ce2286ee50783118240949746861751a8c21/README.md#L15,"- `quacc` makes it possible to easily run pre-made [computational materials science workflows](https://quantum-accelerators.github.io/quacc/user/recipes/recipes_list.html) that can be efficiently dispatched anywhere: locally, HPC, the cloud,",2562ce2286ee50783118240949746861751a8c21,0,,not_in_existing_index,not_audited,Codex,pending,,,,
quantumlib/OpenFermion-Cirq,125940309,295,99,250,quantum chemistry,已并入主库的组件,exclude_proposed,E08,README 明确表示其功能已合并进 OpenFermion；按当前主库/独立模块边界避免重复列为独立仓库，而非因归档状态排除。,https://github.com/quantumlib/OpenFermion-Cirq/blob/655b00fee21c94cc96c343c63f7c52ea1aa329dc/README.rst#L4,OpenFermion-Cirq is deprecated and no longer maintained. Its functionality has been merged into OpenFermion_. Please use OpenFermion instead.,655b00fee21c94cc96c343c63f7c52ea1aa329dc,0,,not_in_existing_index,not_audited,Codex,pending,,,,
vprusso/toqito,235493396,293,610,1197,quantum computing,量子信息理论数值工具,exclude_proposed,E06,主要研究纠缠、非局域博弈与量子信息数学对象；按收紧后的四类问题域应用范围排除独立的量子信息理论工具。此边界需要作者确认。,https://github.com/vprusso/toqito/blob/500bf7fd01ca82d322efc0aad530ce9954f65cd6/README.md#L18,"objects in quantum information, namely, states, channels, and measurements. <!-- --8<-- [end:badges] -->",500bf7fd01ca82d322efc0aad530ce9954f65cd6,0,,not_in_existing_index,not_audited,Codex,pending,,,,
qiskit-community/qiskit-optimization,329700534,285,135,518,quantum optimization,量子优化应用,retain_existing,K01,从优化问题建模与表示转换到量子优化算法形成应用路径；现有数据集有对应实例元数据。,https://github.com/qiskit-community/qiskit-optimization/blob/65ce191a4c3ed48f203d8dd6eea476d0deea9e71/README.md#L10,"**Qiskit Optimization** is an open-source framework that covers the whole range from high-level modeling of optimization problems, with automatic conversion of problems to",65ce191a4c3ed48f203d8dd6eea476d0deea9e71,10,../samples/qiskit-optimization/qiskit_optimization_133_139/sample.json,include_existing,existing_sample_metadata_available,Codex,pending,,,,
Qiskit/qiskit-ibmq-provider,163192893,252,357,720,quantum computing,硬件 provider,exclude_proposed,E03,主要提供 IBM Quantum 设备和服务访问，属于 provider/作业执行层。,https://github.com/Qiskit/qiskit-ibmq-provider/blob/590f68d9ddb42a45c4ac8a8626ea60da85575b21/README.md#L17,This module contains a provider that allows accessing the **[IBM Quantum]** systems and simulators.,590f68d9ddb42a45c4ac8a8626ea60da85575b21,0,,not_in_existing_index,not_audited,Codex,pending,,,,
PennyLaneAI/pennylane-qiskit,159729790,245,48,531,quantum computing; quantum machine learning,框架适配插件,exclude_proposed,E03,主要将 Qiskit 后端接入 PennyLane，提供设备适配接口；不是独立应用算法层。,https://github.com/PennyLaneAI/pennylane-qiskit/blob/654357ab7907a485935959869fd4c6d42178b9ba/README.rst#L30,The PennyLane-Qiskit plugin integrates the Qiskit quantum computing framework with PennyLane's quantum machine learning capabilities.,654357ab7907a485935959869fd4c6d42178b9ba,0,,not_in_existing_index,not_audited,Codex,pending,,,,
munich-quantum-toolkit/qecc,483936750,239,42,687,quantum computing,量子纠错工具,exclude_proposed,E06,核心为纠错码、解码与容错状态制备，属于纠错层而非本次四类应用问题域。,https://github.com/munich-quantum-toolkit/qecc/blob/348913a686e4cb22c516a58f6a8c05d419133236/README.md#L20,MQT QECC is a tool for quantum error correcting codes and numerical simulations. It is part of the [_Munich Quantum Toolkit (MQT)_](https://mqt.readthedocs.io).,348913a686e4cb22c516a58f6a8c05d419133236,0,,not_in_existing_index,not_audited,Codex,pending,,,,
Qiskit/qiskit-ibm-runtime,424995933,237,1135,1920,quantum computing,量子云运行时客户端,exclude_proposed,E03,主要提供 IBM Quantum Compute 服务的接口与执行原语，属于远程运行时层。,https://github.com/Qiskit/qiskit-ibm-runtime/blob/533839c113c61b4b0e1a4f9d3d0dc0fa6e539108/README.md#L16,This module provides the interface to access the IBM Quantum Compute service on IBM Quantum Platform. ## Installation,533839c113c61b4b0e1a4f9d3d0dc0fa6e539108,0,,not_in_existing_index,not_audited,Codex,pending,,,,
PennyLaneAI/catalyst,602822750,236,312,2248,quantum computing; quantum machine learning,混合程序 JIT 编译器,exclude_proposed,E02,核心为量子经典工作流的即时编译和控制流/编译基础设施。,https://github.com/PennyLaneAI/catalyst/blob/67069a8977229ef6e2d8c6793ce4946ac9bf0022/README.md#L18,Catalyst is an experimental package that enables just-in-time (JIT) compilation of hybrid quantum-classical programs.,67069a8977229ef6e2d8c6793ce4946ac9bf0022,0,,not_in_existing_index,not_audited,Codex,pending,,,,
unitaryfoundation/qrack,114947047,231,153,809,quantum computing,高性能量子模拟引擎,exclude_proposed,E04,核心目标为理想量子计算机的高性能模拟，属于执行后端。,https://github.com/unitaryfoundation/qrack/blob/295340c6c07251daf3875acba217f3aced1f8d74/README.md#L7,The open source vm6502q/qrack library and its associated plugins and projects under the vm6502q organization header comprise a framework for full-stack quantum computing,295340c6c07251daf3875acba217f3aced1f8d74,0,,not_in_existing_index,not_audited,Codex,pending,,,,
merzlab/QUICK,172423631,220,133,279,quantum chemistry,经典量子化学计算,exclude_proposed,E05,主要实现 ab initio 与密度泛函理论的电子结构计算及 GPU 加速；不是量子计算应用算法软件。,https://github.com/merzlab/QUICK/blob/920a8aebd7b11dd61718c1fff95a5e54e8c5c5e0/README.md#L11,"An open source, GPU enabled, *ab initio* and density functional theory program developed by Götz lab at University of California San Diego and",920a8aebd7b11dd61718c1fff95a5e54e8c5c5e0,0,,not_in_existing_index,not_audited,Codex,pending,,,,
MolSSI/QCEngine,123499436,210,75,331,quantum chemistry,科学程序执行与 I/O,exclude_proposed,E03,主定位为量子化学程序执行器和 QCSchema I/O 标准化，属于执行/接口基础设施。,https://github.com/MolSSI/QCEngine/blob/bf1b799c4a17010f679a4472bb1ec56492f2d0d9/README.md#L13,<!--Quantum chemistry program executor and IO standardizer ([QCSchema](https://github.com/MolSSI/QCSchema)) for quantum chemistry.--> Quantum chemistry program executor and IO standardizer (QCSchema) for quantum chemistry.,bf1b799c4a17010f679a4472bb1ec56492f2d0d9,0,,not_in_existing_index,not_audited,Codex,pending,,,,
MolSSI/QCElemental,146923862,201,53,284,quantum chemistry,化学基础数据与 schema,exclude_proposed,E07,主要提供物理常数、元素表、分子数据结构与 schema 转换；不直接提供本次问题域的量子计算算法工作流。,https://github.com/MolSSI/QCElemental/blob/7828af830a1fa8de78517bcaec750eee8a9468ca/README.md#L11,Core data structures for Quantum Chemistry. QCElemental also contains physical constants and periodic table data from NIST and molecule handlers. Periodic Table and,7828af830a1fa8de78517bcaec750eee8a9468ca,0,,not_in_existing_index,not_audited,Codex,pending,,,,
sequence-toolbox/SeQUeNCe,284060920,177,91,297,quantum computing,量子网络仿真,exclude_proposed,E06,核心为量子通信网络的离散事件仿真与网络协议，属于本次四类应用问题域以外的网络研究。,https://github.com/sequence-toolbox/SeQUeNCe/blob/3133c66d80a898c6c3cc9af9eec3fa94fdbe2233/README.md#L31,"SeQUeNCe is an open source, discrete-event simulator for quantum networks. As described in our [paper](http://arxiv.org/abs/2009.12000), the simulator includes 5 modules on top of",3133c66d80a898c6c3cc9af9eec3fa94fdbe2233,0,,not_in_existing_index,not_audited,Codex,pending,,,,
oqtopus-team/oqtopus-cloud,851028376,174,72,358,quantum computing,量子云平台,exclude_proposed,E03,主要提供 QCaaS、任务管理和设备管理，属于云服务基础设施。,https://github.com/oqtopus-team/oqtopus-cloud/blob/829592c3bfe9baac0103157fca4202cdb1beef77/README.md#L20,- **Quantum Computing as a Service (QCaaS)**: Provides a cloud quantum computer system. - **Quantum Task Management**: Manages quantum tasks and their states.,829592c3bfe9baac0103157fca4202cdb1beef77,0,,not_in_existing_index,not_audited,Codex,pending,,,,
qiskit-community/qiskit-ignis,161261721,170,173,328,quantum computing,硬件验证与噪声纠错,exclude_proposed,E06,核心为量子硬件验证、噪声表征和纠错；不因 deprecated 状态本身排除。,https://github.com/qiskit-community/qiskit-ignis/blob/24e1dbf4740607a96a43e7893d9effa56d832568/README.md#L14,"Qiskit is made up of elements that each work together to enable quantum computing. This element is **Ignis**, which provides tools for quantum",24e1dbf4740607a96a43e7893d9effa56d832568,0,,not_in_existing_index,not_audited,Codex,pending,,,,
MolSSI/QCFractal,79492087,168,277,665,quantum chemistry,科学计算与数据平台,exclude_proposed,E03,主要批量运行、存储与共享量子化学计算数据，属于计算调度和数据库平台。,https://github.com/MolSSI/QCFractal/blob/51daeea0552dfc5a78ce507b62fd7b6494b4eb36/README.md#L17,"A platform for compute, managing, compiling, and sharing large amounts of quantum chemistry data ## Introduction",51daeea0552dfc5a78ce507b62fd7b6494b4eb36,0,,not_in_existing_index,not_audited,Codex,pending,,,,
munich-quantum-toolkit/ddsim,239731195,162,45,890,quantum computing,电路模拟后端,exclude_proposed,E04,核心为基于决策图的电路模拟引擎，属于应用执行后端。,https://github.com/munich-quantum-toolkit/ddsim/blob/0c4fc30ea9ac129bb0ef28b0f9d45bb80fa47c60/README.md#L20,"A tool for classical quantum circuit simulation developed as part of the [_Munich Quantum Toolkit (MQT)_](https://mqt.readthedocs.io). It builds upon [MQT Core](https://github.com/munich-quantum-toolkit/core), which forms",0c4fc30ea9ac129bb0ef28b0f9d45bb80fa47c60,0,,not_in_existing_index,not_audited,Codex,pending,,,,
munich-quantum-toolkit/qmap,302778589,146,50,996,quantum computing,电路编译映射,exclude_proposed,E02,核心为量子电路映射、综合和硬件布局优化；这里的优化是电路编译优化，不是应用层优化问题求解。,https://github.com/munich-quantum-toolkit/qmap/blob/b9772d7286be480d7c81d2c8f53af59f4eecf99e/README.md#L18,# MQT QMAP - A tool for Quantum Circuit Compilation A tool for quantum circuit compilation developed as part of the,b9772d7286be480d7c81d2c8f53af59f4eecf99e,0,,not_in_existing_index,not_audited,Codex,pending,,,,
PennyLaneAI/pennylane-lightning,277556169,146,102,997,quantum machine learning,状态向量与张量网络后端,exclude_proposed,E04,为 PennyLane 提供高性能模拟后端；与上层应用库分别按软件层次判断，而非按 C++ 语言排除。,https://github.com/PennyLaneAI/pennylane-lightning/blob/a6fdd19edc1360414fbc608e8938b4452eec9e6e/README.md#L57,The Lightning plugin ecosystem provides fast state-vector and tensor-network simulators written in C++. [PennyLane](https://docs.pennylane.ai) is a cross-platform Python library for quantum machine,a6fdd19edc1360414fbc608e8938b4452eec9e6e,0,,not_in_existing_index,not_audited,Codex,pending,,,,
entropicalabs/openqaoa,482741192,144,38,217,quantum optimization,QAOA 量子优化应用,needs_exclusion_evidence,U01,README 明确提供用于量子优化的 Python 库，核心问题域与 Qiskit Optimization 重叠；不能以算法聚焦或后端支持为由直接排除。,https://github.com/entropicalabs/openqaoa/blob/c6e7dd759392fcca180bab9bd29c5f5e7dab3662/README.md#L22,A multi-backend python library for quantum optimization using QAOA on Quantum computers and Quantum computer simulators. Check out the OpenQAOA website at [https://openqaoa.entropicalabs.com/](https://openqaoa.entropicalabs.com/),c6e7dd759392fcca180bab9bd29c5f5e7dab3662,0,,not_in_existing_index,not_audited,Codex,pending,,,,
sandbox-quantum/Tangelo,344584158,143,37,337,quantum computing; quantum chemistry,量子化学端到端工作流,retain_existing,K01,定位为面向量子计算机的量子化学模拟工作流与算法工具箱；现有数据集有对应实例元数据。,https://github.com/sandbox-quantum/Tangelo/blob/4b478a101cba28a58cc0ba17ad5ef110a737fce3/README.rst#L26,"Tangelo is an open-source Python package maintained by `SandboxAQ <https://www.sandboxaq.com/>`_, focusing on the development of quantum chemistry simulation workflows on quantum computers. It",4b478a101cba28a58cc0ba17ad5ef110a737fce3,2,../samples/tangelo/tangelo_384_398/sample.json,include_existing,existing_sample_metadata_available,Codex,pending,,,,
munich-quantum-toolkit/core,231343120,134,288,2058,quantum computing,编译与执行基础设施,exclude_proposed,E02,提供编译集合、决策图、QIR 执行及设备访问等基础组件，是工具栈底层而非应用库。,https://github.com/munich-quantum-toolkit/core/blob/19bc11e77928f76acc87bd797a613e6dd048e81b/README.md#L21,"MQT Core provides reusable C++20 and Python libraries for quantum computing: the **MQT Compiler Collection**, built on **MLIR and LLVM**, together with decision",19bc11e77928f76acc87bd797a613e6dd048e81b,0,,not_in_existing_index,not_audited,Codex,pending,,,,
munich-quantum-toolkit/bench,424989951,131,101,825,quantum computing,电路基准生成,exclude_proposed,E09,核心为跨抽象层的量子电路 benchmark 生成与软件工具评测，不以应用功能库为主要产品。,https://github.com/munich-quantum-toolkit/bench/blob/d23df0d5d2791b44633858783e62a7468480f362/README.md#L20,"MQT Bench is a quantum circuit benchmark suite with cross-level support, i.e., providing the same benchmark algorithms for different abstraction levels throughout the",d23df0d5d2791b44633858783e62a7468480f362,0,,not_in_existing_index,not_audited,Codex,pending,,,,
DigiMatChem/LobsterPy,343384088,127,97,313,quantum chemistry,经典材料计算后处理,exclude_proposed,E05,主要分析 LOBSTER/DFT 输出中的成键信息与图表，不实现量子计算应用算法。,https://github.com/DigiMatChem/LobsterPy/blob/37dec46ca899ea643cd39ccaf821c345d90dd8da/README.md#L5,"LobsterPy is a package that enables automatic analysis of LOBSTER outputs to get summarized bonding information and relevant bond plots. Additionally, one can",37dec46ca899ea643cd39ccaf821c345d90dd8da,0,,not_in_existing_index,not_audited,Codex,pending,,,,
munich-quantum-toolkit/qcec,231376804,118,53,982,quantum computing,电路等价验证,exclude_proposed,E02,主要验证量子电路等价性，属于编译/电路工具链验证层。,https://github.com/munich-quantum-toolkit/qcec/blob/0911da4dc618b5a52e570fdb6f58aae882974009/README.md#L18,# MQT QCEC - A tool for Quantum Circuit Equivalence Checking A tool for quantum circuit equivalence checking developed as part of the,0911da4dc618b5a52e570fdb6f58aae882974009,0,,not_in_existing_index,not_audited,Codex,pending,,,,
TeamGraphix/graphix,573466585,118,175,343,quantum computing,测量式计算表示与执行工具,exclude_proposed,E04,主要提供测量演算、模式生成/转译与模拟后端；按通用计算模型和表示工具而非问题域应用库处理。,https://github.com/TeamGraphix/graphix/blob/2b30fdf18c097a8c81eb1cb661bb794262d529ac/README.md#L14,"**Graphix** is a measurement-based quantum computing (MBQC) software package, featuring - the measurement calculus framework with integrated graphical rewrite rules for Pauli measurement",2b30fdf18c097a8c81eb1cb661bb794262d529ac,0,,not_in_existing_index,not_audited,Codex,pending,,,,
Qiskit/qiskit-serverless,537159688,117,454,1859,quantum computing,分布式量子任务平台,exclude_proposed,E03,主要将任务分配至 CPU/GPU/QPU 并管理部署和资源，属于运行与编排基础设施。,https://github.com/Qiskit/qiskit-serverless/blob/1f10a914d9919218561934a9083cfd45e1055807/README.md#L10,"With this software, you can execute Qiskit Functions as long running jobs and distribute them across multiple CPUs, GPUs, and QPUs. This means",1f10a914d9919218561934a9083cfd45e1055807,0,,not_in_existing_index,not_audited,Codex,pending,,,,
qBraid/qBraid,207883669,116,287,870,quantum computing,量子运行时与作业管理,exclude_proposed,E03,核心为跨平台作业生命周期、提交、转译与 provider 集成，不是问题域应用算法库。,https://github.com/qBraid/qBraid/blob/2224b927f279090374fc8663b0b627cb83ba5443/README.md#L32,The qBraid-SDK is a platform-agnostic quantum runtime framework designed for both quantum software and hardware providers. This Python-based tool streamlines the full lifecycle,2224b927f279090374fc8663b0b627cb83ba5443,0,,not_in_existing_index,not_audited,Codex,pending,,,,
qiskit-community/ffsim,681327100,108,111,520,quantum chemistry,费米量子电路模拟,needs_exclusion_evidence,U02,虽以模拟为主要定位，但直接处理粒子数、自旋守恒和量子化学电路，与 OpenFermion 的表示语义重叠；需要明确应用表示与领域模拟器的边界。,https://github.com/qiskit-community/ffsim/blob/cd4228a9e4be5975830da7523ee4da7649740307/README.md#L5,ffsim is a software library for simulating fermionic quantum circuits that conserve particle number and the *z* component of spin. This category includes,cd4228a9e4be5975830da7523ee4da7649740307,0,,not_in_existing_index,not_audited,Codex,pending,,,,
Qiskit/documentation,688132646,107,1834,2977,quantum computing,文档内容,exclude_proposed,E01,主要承载 Qiskit 文档与教程内容，不是应用软件实现仓库。,https://github.com/Qiskit/documentation/blob/0430b9e76eed56d20a74c4739b7fd7737f8b1fc2/README.md#L3,The documentation content home for https://quantum.cloud.ibm.com/docs and https://docs.quantum.ibm.com (excluding API reference). Preview the main branch at the staging link: https://qiskit.github.io/documentation/main,0430b9e76eed56d20a74c4739b7fd7737f8b1fc2,0,,not_in_existing_index,not_audited,Codex,pending,,,,
Nix-QChem/NixOS-QChem,98224091,106,69,712,quantum chemistry,打包与环境配置,exclude_proposed,E07,主要提供 Nix 包定义与 HPC 化学软件环境，不实现应用算法本身。,https://github.com/Nix-QChem/NixOS-QChem/blob/b94577876f507b6f6c8568bfe7a5efc7f1d9edf4/README.md#L5,Nix expressions for HPC/Quantum chemistry software packages. The goal of this project is to integrate software packages,b94577876f507b6f6c8568bfe7a5efc7f1d9edf4,0,,not_in_existing_index,not_audited,Codex,pending,,,,
sQUlearn/squlearn,641796050,105,83,275,quantum computing; quantum machine learning,量子机器学习应用,needs_exclusion_evidence,U01,提供量子核、量子神经网络及 scikit-learn 兼容的高层接口，与已保留机器学习库直接重叠；目前没有成立的范围排除理由。,https://github.com/sQUlearn/squlearn/blob/0f6cb0982fdbe80dcd0ea6cb0acd68c59e362de4/README.md#L5,"sQUlearn is a user-friendly, NISQ-ready Python library for quantum machine learning (QML), designed for seamless integration with classical machine learning tools like scikit-learn.",0f6cb0982fdbe80dcd0ea6cb0acd68c59e362de4,0,,not_in_existing_index,not_audited,Codex,pending,,,,
Qiskit/qiskit-addon-sqd,843403437,101,59,252,quantum chemistry,Hamiltonian 本征问题应用,needs_exclusion_evidence,U01,提供基于量子样本的对角化与能量/本征态求解，直接处理 Pauli/费米 Hamiltonian，属于与现有应用案例高度接近的功能，不能仅因 addon 名称排除。,https://github.com/Qiskit/qiskit-addon-sqd/blob/8124d790600a764740fd40f44956a67ddecb3cd1/README.md#L17,"This package implements sample-based quantum diagonalization (SQD) -- a technique for finding eigenvalues and eigenvectors of quantum operators, such as a quantum system",8124d790600a764740fd40f44956a67ddecb3cd1,0,,not_in_existing_index,not_audited,Codex,pending,,,,
