sample_id,repo,quantum_depth,gold_solution_lines,gold_solution_files,engineering_complexity_score,engineering_complexity,resolved_deepseek_pro
openfermion_151_352,quantumlib/OpenFermion,medium,85,1,-1.4787176468613175,small,True
openfermion_207_212,quantumlib/OpenFermion,strong,60,1,-1.7865675945111297,small,False
openfermion_246_306,quantumlib/OpenFermion,strong,180,6,1.5367710608785972,large,True
openfermion_258_262,quantumlib/OpenFermion,strong,55,2,-1.103106007479692,small,False
openfermion_259_283,quantumlib/OpenFermion,strong,124,2,-0.3834234908337808,medium,True
openfermion_37_114,quantumlib/OpenFermion,medium,159,1,-0.9222803986869593,small,False
openfermion_457_549,quantumlib/OpenFermion,medium,68,1,-1.6761160766935803,small,False
openfermion_458_501,quantumlib/OpenFermion,strong,266,2,0.29679819127602136,medium,True
openfermion_469_474,quantumlib/OpenFermion,medium,27,1,-2.484476944917193,small,True
openfermion_46_61,quantumlib/OpenFermion,medium,267,3,0.8394581113926558,medium,True
openfermion_542_589,quantumlib/OpenFermion,strong,80,2,-0.7722896346889053,small,True
openfermion_752_753,quantumlib/OpenFermion,strong,421,1,-0.05303536180829349,medium,True
pennylane_166_588,PennyLaneAI/pennylane,medium,233,2,0.17855356614375195,medium,False
pennylane_2492_3742,PennyLaneAI/pennylane,medium,47,1,-2.0013826819080887,small,True
pennylane_3982_3977,PennyLaneAI/pennylane,strong,112,1,-1.2339956314315952,small,True
pennylane_4881_4928,PennyLaneAI/pennylane,strong,109,2,-0.49799857307195705,medium,False
pennylane_5759_5773,PennyLaneAI/pennylane,medium,176,5,1.2277596686343677,large,False
pennylane_5895_5920,PennyLaneAI/pennylane,medium,46,1,-2.0202525283475934,small,True
pennylane_991_1062,PennyLaneAI/pennylane,medium,12,1,-3.172155922491802,small,True
qiskit_finance_54_57,qiskit-community/qiskit-finance,medium,61,1,-1.771993540067328,small,False
qiskit_finance_72_112,qiskit-community/qiskit-finance,medium,30,3,-1.0938275698565714,small,True
qiskit_machine_learning_112_151,qiskit-community/qiskit-machine-learning,medium,64,5,0.3298954005735314,medium,True
qiskit_machine_learning_113_115,qiskit-community/qiskit-machine-learning,medium,46,5,0.03928437930066342,medium,True
qiskit_machine_learning_226_219,qiskit-community/qiskit-machine-learning,medium,135,1,-1.067943612388774,small,True
qiskit_machine_learning_227_244,qiskit-community/qiskit-machine-learning,strong,450,5,2.066070435744195,large,False
qiskit_machine_learning_320_412,qiskit-community/qiskit-machine-learning,medium,108,2,-0.5061838774485994,medium,True
qiskit_machine_learning_326_360,qiskit-community/qiskit-machine-learning,medium,84,6,0.8593181330444485,large,True
qiskit_machine_learning_328_348,qiskit-community/qiskit-machine-learning,medium,61,1,-1.771993540067328,small,True
qiskit_machine_learning_340_364,qiskit-community/qiskit-machine-learning,strong,305,3,0.9583037656169562,large,False
qiskit_machine_learning_367_540,qiskit-community/qiskit-machine-learning,medium,173,6,1.5014200438474614,large,True
qiskit_machine_learning_385_404,qiskit-community/qiskit-machine-learning,medium,31,1,-2.3647948141040365,small,True
qiskit_machine_learning_387_398,qiskit-community/qiskit-machine-learning,medium,51,1,-1.929641635685643,small,True
qiskit_machine_learning_400_436,qiskit-community/qiskit-machine-learning,medium,509,7,2.7155720190488424,large,False
qiskit_machine_learning_401_470,qiskit-community/qiskit-machine-learning,medium,368,3,1.1260985877149288,large,False
qiskit_machine_learning_44_73,qiskit-community/qiskit-machine-learning,medium,200,4,0.9999339076038306,large,False
qiskit_machine_learning_505_569,qiskit-community/qiskit-machine-learning,medium,219,3,0.6625678899105377,medium,False
qiskit_machine_learning_551_548,qiskit-community/qiskit-machine-learning,medium,123,3,0.14868671694958774,medium,False
qiskit_machine_learning_557_558,qiskit-community/qiskit-machine-learning,medium,43,1,-2.079369639120376,small,False
qiskit_machine_learning_597_609,qiskit-community/qiskit-machine-learning,medium,94,2,-0.6293970092826272,small,True
qiskit_machine_learning_62_143,qiskit-community/qiskit-machine-learning,medium,27,1,-2.484476944917193,small,True
qiskit_machine_learning_638_639,qiskit-community/qiskit-machine-learning,medium,139,5,1.0175743781481408,large,True
qiskit_machine_learning_63_102,qiskit-community/qiskit-machine-learning,medium,104,2,-0.5396937466728271,medium,True
qiskit_machine_learning_90_117,qiskit-community/qiskit-machine-learning,medium,31,8,0.4548558875786415,medium,True
qiskit_machine_learning_920_924,qiskit-community/qiskit-machine-learning,medium,131,4,0.6230435575107934,medium,True
qiskit_machine_learning_960_1021,qiskit-community/qiskit-machine-learning,strong,168,2,-0.11311751982974977,medium,True
qiskit_nature_1257_1270,qiskit-community/qiskit-nature,strong,402,3,1.2050970387710598,large,False
qiskit_nature_129_161,qiskit-community/qiskit-nature,strong,9,1,-3.407308972299277,small,True
qiskit_nature_129_341,qiskit-community/qiskit-nature,strong,52,1,-1.9125690318774318,small,False
qiskit_nature_1345_1356,qiskit-community/qiskit-nature,strong,218,3,0.6584845817094553,medium,False
qiskit_nature_167_220,qiskit-community/qiskit-nature,strong,527,8,2.967464624967487,large,False
qiskit_nature_174_862,qiskit-community/qiskit-nature,strong,187,7,1.8211079856862376,large,False
qiskit_nature_22_35,qiskit-community/qiskit-nature,strong,470,2,0.8055377871792585,medium,False
qiskit_nature_243_263,qiskit-community/qiskit-nature,strong,432,10,3.1658704961582202,large,False
qiskit_nature_252_318,qiskit-community/qiskit-nature,medium,78,6,0.7937070493577844,medium,False
qiskit_nature_271_286,qiskit-community/qiskit-nature,strong,7,1,-3.6073091009101956,small,False
qiskit_nature_337_520,qiskit-community/qiskit-nature,strong,192,2,0.005901433298763026,medium,False
qiskit_nature_375_380,qiskit-community/qiskit-nature,medium,98,2,-0.5924315806940605,small,True
qiskit_nature_3_25,qiskit-community/qiskit-nature,strong,543,7,2.773416901645056,large,False
qiskit_nature_42_49,qiskit-community/qiskit-nature,strong,387,9,2.8888437893791794,large,False
qiskit_nature_45_50,qiskit-community/qiskit-nature,strong,379,4,1.5707474045212537,large,False
qiskit_nature_460_482,qiskit-community/qiskit-nature,strong,302,2,0.4101639844619759,medium,False
qiskit_nature_465_472,qiskit-community/qiskit-nature,medium,14,1,-3.0438968401033293,small,True
qiskit_nature_477_481,qiskit-community/qiskit-nature,medium,9,1,-3.407308972299277,small,True
qiskit_nature_47_77,qiskit-community/qiskit-nature,strong,481,3,1.3655387509883976,large,False
qiskit_nature_493_506,qiskit-community/qiskit-nature,medium,152,2,-0.20226269736553856,medium,True
qiskit_nature_541_544,qiskit-community/qiskit-nature,medium,8,1,-3.5017419799213796,small,True
qiskit_nature_563_620,qiskit-community/qiskit-nature,medium,204,7,1.8986975655477885,large,False
qiskit_nature_571_632,qiskit-community/qiskit-nature,medium,218,4,1.0768053891277622,large,False
qiskit_nature_577_591,qiskit-community/qiskit-nature,strong,98,2,-0.5924315806940605,small,True
qiskit_nature_582_1313,qiskit-community/qiskit-nature,strong,152,6,1.3861422688254246,large,False
qiskit_nature_665_756,qiskit-community/qiskit-nature,medium,171,2,-0.09734670942381696,medium,False
qiskit_nature_669_731,qiskit-community/qiskit-nature,medium,130,2,-0.34140245480434367,medium,True
qiskit_nature_683_684,qiskit-community/qiskit-nature,medium,232,8,2.2342519899812388,large,True
qiskit_nature_6_624,qiskit-community/qiskit-nature,strong,181,2,-0.04669568565822002,medium,True
qiskit_nature_715_716,qiskit-community/qiskit-nature,medium,20,1,-2.742321956124325,small,True
qiskit_nature_787_799,qiskit-community/qiskit-nature,strong,491,5,2.1440573929564812,large,False
qiskit_nature_795_1188,qiskit-community/qiskit-nature,strong,332,4,1.4524120577329622,large,False
qiskit_nature_828_891,qiskit-community/qiskit-nature,medium,119,3,0.11929770371974469,medium,False
qiskit_nature_82_96,qiskit-community/qiskit-nature,strong,281,4,1.3034178116866562,large,False
qiskit_nature_847_1043,qiskit-community/qiskit-nature,strong,686,3,1.683173210041136,large,True
qiskit_nature_848_858,qiskit-community/qiskit-nature,medium,105,3,0.008111225139483341,medium,True
qiskit_nature_861_904,qiskit-community/qiskit-nature,medium,10,1,-3.321883925926535,small,True
qiskit_nature_865_890,qiskit-community/qiskit-nature,medium,154,2,-0.19062247401890925,medium,False
qiskit_nature_866_870,qiskit-community/qiskit-nature,medium,391,6,2.2293882581073525,large,False
qiskit_nature_881_903,qiskit-community/qiskit-nature,medium,287,2,0.36465753112843835,medium,True
qiskit_nature_918_1046,qiskit-community/qiskit-nature,strong,85,2,-0.7186038528268965,small,False
qiskit_nature_919_920,qiskit-community/qiskit-nature,strong,84,1,-1.4892006271809355,small,False
qiskit_nature_91_729,qiskit-community/qiskit-nature,strong,155,3,0.3544507535272197,medium,False
qiskit_nature_955_964,qiskit-community/qiskit-nature,medium,84,8,1.3304500745017425,large,True
qiskit_nature_956_1027,qiskit-community/qiskit-nature,medium,102,2,-0.5569305202039815,medium,False
qiskit_nature_957_1038,qiskit-community/qiskit-nature,medium,350,2,0.5419656983396988,medium,False
qiskit_nature_958_1085,qiskit-community/qiskit-nature,strong,669,5,2.420829177441074,large,False
qiskit_nature_973_1018,qiskit-community/qiskit-nature,strong,180,3,0.4876754142670494,medium,False
qiskit_nature_9_232,qiskit-community/qiskit-nature,strong,488,2,0.8391523992573985,medium,False
qiskit_optimization_133_139,qiskit-community/qiskit-optimization,medium,76,1,-1.5777946265304528,small,False
qiskit_optimization_13_163,qiskit-community/qiskit-optimization,medium,274,1,-0.4368550950923801,medium,False
qiskit_optimization_40_157,qiskit-community/qiskit-optimization,medium,294,3,0.9254910144179981,large,True
qiskit_optimization_41_114,qiskit-community/qiskit-optimization,medium,211,11,2.6889052761908196,large,False
qiskit_optimization_425_436,qiskit-community/qiskit-optimization,medium,239,4,1.1588756545411312,large,True
qiskit_optimization_433_467,qiskit-community/qiskit-optimization,strong,111,2,-0.48184886407661326,medium,False
qiskit_optimization_473_487,qiskit-community/qiskit-optimization,strong,1480,9,4.089387858975993,large,False
qiskit_optimization_628_646,qiskit-community/qiskit-optimization,medium,20,1,-2.742321956124325,small,False
qiskit_optimization_80_122,qiskit-community/qiskit-optimization,medium,1060,17,4.892378638557278,large,True
qiskit_optimization_8_18,qiskit-community/qiskit-optimization,strong,548,5,2.24230786433518,large,False
tangelo_384_398,sandbox-quantum/Tangelo,medium,28,2,-1.6929113413456078,small,True
tangelo_387_390,sandbox-quantum/Tangelo,medium,11,1,-3.243896968714248,small,True
