sample_id,repo,quantum_depth,gold_solution_lines,gold_solution_files,engineering_complexity_score,engineering_complexity,strong,f2p_count,p2p_count,test_count,patch_z,tests_z,f2p_z,p2p_z
openfermion_151_352,quantumlib/OpenFermion,medium,85,1,-1.4787176468613177,small,0,5,5,10,-0.829404905277843,-0.20846564735936257,0.2745242190004717,-0.4076978128125124
openfermion_207_212,quantumlib/OpenFermion,strong,60,1,-1.7865675945111297,small,1,2,4,6,-1.0020763122988128,-0.9644204766656972,-0.7128071102252708,-0.6955856948448571
openfermion_246_306,quantumlib/OpenFermion,strong,180,6,1.5367710608785972,large,1,6,9,15,0.8619667580806805,0.4182171962461378,0.4940992239683182,0.3989018537317931
openfermion_258_262,quantumlib/OpenFermion,strong,55,2,-1.103106007479692,small,1,2,6,8,-0.6187263238435674,-0.5440916964616125,-0.7128071102252708,-0.16429207676195814
openfermion_259_283,quantumlib/OpenFermion,strong,124,2,-0.3834234908337808,medium,1,4,4,8,-0.2150602075868222,-0.5440916964616125,0.014822109456488507,-0.6955856948448571
openfermion_37_114,quantumlib/OpenFermion,medium,159,1,-0.9222803986869592,small,0,2,5,7,-0.5173021964918159,-0.7410863538906917,-0.7128071102252708,-0.4076978128125124
openfermion_457_549,quantumlib/OpenFermion,medium,68,1,-1.6761160766935803,small,0,5,5,10,-0.9401246402756208,-0.20846564735936257,0.2745242190004717,-0.4076978128125124
openfermion_458_501,quantumlib/OpenFermion,strong,266,2,0.2967981912760213,medium,1,5,5,10,0.1664725353379176,-0.20846564735936257,0.2745242190004717,-0.4076978128125124
openfermion_469_474,quantumlib/OpenFermion,medium,27,1,-2.484476944917193,small,0,3,5,8,-1.3935299747980128,-0.5440916964616125,-0.30302758438376187,-0.4076978128125124
openfermion_46_61,quantumlib/OpenFermion,medium,267,3,0.8394581113926558,medium,0,4,2,6,0.47084761370244216,-0.9644204766656972,0.014822109456488507,-1.5021853613891618
openfermion_542_589,quantumlib/OpenFermion,strong,80,2,-0.7722896346889053,small,1,3,5,8,-0.43317317046009746,-0.5440916964616125,-0.30302758438376187,-0.4076978128125124
openfermion_752_753,quantumlib/OpenFermion,strong,421,1,-0.0530353618082934,medium,1,6,12,18,-0.0297472538657744,0.7056404427578827,0.4940992239683182,0.813178112374536
pennylane_166_588,PennyLaneAI/pennylane,medium,233,2,0.1785535661437519,medium,0,3,0,3,0.10014975064970476,-1.9003899040275207,-0.30302758438376187,-3.2369070833893767
pennylane_2492_3742,PennyLaneAI/pennylane,medium,47,1,-2.0013826819080887,small,0,4,4,8,-1.1225649583854418,-0.5440916964616125,0.014822109456488507,-0.6955856948448571
pennylane_3982_3977,PennyLaneAI/pennylane,strong,112,1,-1.2339956314315952,small,1,3,6,9,-0.6921416214739893,-0.3678739705989858,-0.30302758438376187,-0.16429207676195814
pennylane_4881_4928,PennyLaneAI/pennylane,strong,109,2,-0.497998573071957,medium,1,12,12,24,-0.279324765078688,1.1646419628295481,1.3758698227967299,0.813178112374536
pennylane_5759_5773,PennyLaneAI/pennylane,medium,176,5,1.2277596686343677,large,0,16,5,21,0.6886439029310818,0.9508379027774668,1.7579898773772813,-0.4076978128125124
pennylane_5895_5920,PennyLaneAI/pennylane,medium,46,1,-2.0202525283475934,small,0,2,4,6,-1.1331489554263812,-0.9644204766656972,-0.7128071102252708,-0.6955856948448571
pennylane_991_1062,PennyLaneAI/pennylane,medium,12,1,-3.172155922491802,small,0,2,4,6,-1.7792454752976998,-0.9644204766656972,-0.7128071102252708,-0.6955856948448571
qiskit_finance_54_57,qiskit-community/qiskit-finance,medium,61,1,-1.771993540067328,small,0,6,5,11,-0.9939018022622735,-0.06293725010773736,0.4940992239683182,-0.4076978128125124
qiskit_finance_72_112,qiskit-community/qiskit-finance,medium,30,3,-1.0938275698565714,small,0,1,18,19,-0.6135220972663942,0.7914295795378429,-1.2903589136095044,1.4123966873307963
qiskit_machine_learning_112_151,qiskit-community/qiskit-machine-learning,medium,64,5,0.3298954005735314,medium,0,24,17,41,0.18503658493902225,2.0323357273909157,2.307334461748224,1.327023909187702
qiskit_machine_learning_113_115,qiskit-community/qiskit-machine-learning,medium,46,5,0.0392843793006634,medium,0,5,20,25,0.022034400523943235,1.2302394481439463,0.2745242190004717,1.5704296452382567
qiskit_machine_learning_226_219,qiskit-community/qiskit-machine-learning,medium,135,1,-1.067943612388774,small,0,1,3,4,-0.5990039224563741,-1.5271775207358156,-1.2903589136095044,-1.0479319862360774
qiskit_machine_learning_227_244,qiskit-community/qiskit-machine-learning,strong,450,5,2.066070435744195,large,1,1,22,23,1.1588479772950708,1.0963663000290922,-1.2903589136095044,1.7140751527300577
qiskit_machine_learning_320_412,qiskit-community/qiskit-machine-learning,medium,108,2,-0.5061838774485994,medium,0,3,8,11,-0.28391585900090455,-0.06293725010773736,-0.30302758438376187,0.2325363606110529
qiskit_machine_learning_326_360,qiskit-community/qiskit-machine-learning,medium,84,6,0.8593181330444485,large,0,6,3,9,0.4819869947816387,-0.3678739705989858,0.4940992239683182,-1.0479319862360774
qiskit_machine_learning_328_348,qiskit-community/qiskit-machine-learning,medium,61,1,-1.771993540067328,small,0,2,2,4,-0.9939018022622735,-1.5271775207358156,-0.7128071102252708,-1.5021853613891618
qiskit_machine_learning_340_364,qiskit-community/qiskit-machine-learning,strong,305,3,0.9583037656169562,large,1,10,10,20,0.5375075124287564,0.8730321772540861,1.1379149755594782,0.5493977483615103
qiskit_machine_learning_367_540,qiskit-community/qiskit-machine-learning,medium,173,6,1.5014200438474614,large,0,7,12,19,0.8421385596450839,0.7914295795378429,0.6843037448419805,0.813178112374536
qiskit_machine_learning_385_404,qiskit-community/qiskit-machine-learning,medium,31,1,-2.3647948141040365,small,0,5,4,9,-1.3264009007782138,-0.3678739705989858,0.2745242190004717,-0.6955856948448571
qiskit_machine_learning_387_398,qiskit-community/qiskit-machine-learning,medium,51,1,-1.929641635685643,small,0,1,5,6,-1.0823257850902837,-0.9644204766656972,-1.2903589136095044,-0.4076978128125124
qiskit_machine_learning_400_436,qiskit-community/qiskit-machine-learning,medium,509,7,2.7155720190488424,large,0,13,5,18,1.523149979318262,0.7056404427578827,1.4814305531940606,-0.4076978128125124
qiskit_machine_learning_401_470,qiskit-community/qiskit-machine-learning,medium,368,3,1.1260985877149288,large,0,15,4,19,0.6316227404600707,0.7914295795378429,1.6716350740677233,-0.6955856948448571
qiskit_machine_learning_44_73,qiskit-community/qiskit-machine-learning,medium,200,4,0.9999339076038306,large,0,13,20,33,0.5608576388336285,1.67891672874954,1.4814305531940606,1.5704296452382567
qiskit_machine_learning_505_569,qiskit-community/qiskit-machine-learning,medium,219,3,0.6625678899105377,medium,0,9,6,15,0.37163082427387023,0.4182171962461378,1.0021534386822315,-0.16429207676195814
qiskit_machine_learning_551_548,qiskit-community/qiskit-machine-learning,medium,123,3,0.1486867169495877,medium,0,9,27,36,0.08339759294102178,1.820340776744716,1.0021534386822315,2.024683020391341
qiskit_machine_learning_557_558,qiskit-community/qiskit-machine-learning,medium,43,1,-2.079369639120376,small,0,2,27,29,-1.1663074301121152,1.4695786833207973,-0.7128071102252708,2.024683020391341
qiskit_machine_learning_597_609,qiskit-community/qiskit-machine-learning,medium,94,2,-0.6293970092826272,small,0,2,4,6,-0.35302545281328734,-0.9644204766656972,-0.7128071102252708,-0.6955856948448571
qiskit_machine_learning_62_143,qiskit-community/qiskit-machine-learning,medium,27,1,-2.484476944917193,small,0,5,12,17,-1.3935299747980128,0.6152118536752162,0.2745242190004717,0.813178112374536
qiskit_machine_learning_638_639,qiskit-community/qiskit-machine-learning,medium,139,5,1.0175743781481408,large,0,10,8,18,0.5707520854387094,0.7056404427578827,1.1379149755594782,0.2325363606110529
qiskit_machine_learning_63_102,qiskit-community/qiskit-machine-learning,medium,104,2,-0.5396937466728271,medium,0,2,4,6,-0.30271136737181403,-0.9644204766656972,-0.7128071102252708,-0.6955856948448571
qiskit_machine_learning_90_117,qiskit-community/qiskit-machine-learning,medium,31,8,0.4548558875786415,medium,0,5,20,25,0.2551262610228478,1.2302394481439463,0.2745242190004717,1.5704296452382567
qiskit_machine_learning_920_924,qiskit-community/qiskit-machine-learning,medium,131,4,0.6230435575107934,medium,0,1,4,5,0.34946183532607394,-1.2222408002445668,-1.2903589136095044,-0.6955856948448571
qiskit_machine_learning_960_1021,qiskit-community/qiskit-machine-learning,strong,168,2,-0.1131175198297497,medium,1,4,2,6,-0.06344701844790893,-0.9644204766656972,0.014822109456488507,-1.5021853613891618
qiskit_nature_1257_1270,qiskit-community/qiskit-nature,strong,402,3,1.2050970387710598,large,1,13,14,27,0.6759325537326594,1.3541866236079614,1.4814305531940606,1.0391360271553578
qiskit_nature_129_161,qiskit-community/qiskit-nature,strong,9,1,-3.407308972299277,small,1,3,6,9,-1.9111415769066478,-0.3678739705989858,-0.30302758438376187,-0.16429207676195814
qiskit_nature_129_341,qiskit-community/qiskit-nature,strong,52,1,-1.912569031877432,small,1,1,5,6,-1.0727498519333005,-0.9644204766656972,-1.2903589136095044,-0.4076978128125124
qiskit_nature_1345_1356,qiskit-community/qiskit-nature,strong,218,3,0.6584845817094553,medium,1,6,26,32,0.36934051830577175,1.6289870065604204,0.4940992239683182,1.9672580826112673
qiskit_nature_167_220,qiskit-community/qiskit-nature,strong,527,8,2.967464624967487,large,1,3,5,8,1.6644352093928418,-0.5440916964616125,-0.30302758438376187,-0.4076978128125124
qiskit_nature_174_862,qiskit-community/qiskit-nature,strong,187,7,1.8211079856862376,large,1,3,12,15,1.0214498349802095,0.4182171962461378,-0.30302758438376187,0.813178112374536
qiskit_nature_22_35,qiskit-community/qiskit-nature,strong,470,2,0.8055377871792585,medium,1,5,6,11,0.45182188329953377,-0.06293725010773736,0.2745242190004717,-0.16429207676195814
qiskit_nature_243_263,qiskit-community/qiskit-nature,strong,432,10,3.16587049615822,large,1,4,6,10,1.7757200129189274,-0.20846564735936257,0.014822109456488507,-0.16429207676195814
qiskit_nature_252_318,qiskit-community/qiskit-nature,medium,78,6,0.7937070493577844,medium,0,2,8,10,0.44518608504351487,-0.20846564735936257,-0.7128071102252708,0.2325363606110529
qiskit_nature_271_286,qiskit-community/qiskit-nature,strong,7,1,-3.607309100910195,small,1,1,7,8,-2.0233205909856298,-0.5440916964616125,-1.2903589136095044,0.04655556234057219
qiskit_nature_337_520,qiskit-community/qiskit-nature,strong,192,2,0.005901433298763,medium,1,12,12,24,0.0033100827169763496,1.1646419628295481,1.3758698227967299,0.813178112374536
qiskit_nature_375_380,qiskit-community/qiskit-nature,medium,98,2,-0.5924315806940605,small,0,2,3,5,-0.33229173947583474,-1.2222408002445668,-0.7128071102252708,-1.0479319862360774
qiskit_nature_3_25,qiskit-community/qiskit-nature,strong,543,7,2.773416901645056,large,1,6,5,11,1.5555948679502158,-0.06293725010773736,0.4940992239683182,-0.4076978128125124
qiskit_nature_42_49,qiskit-community/qiskit-nature,strong,387,9,2.8888437893791794,large,1,2,6,8,1.6203371986384594,-0.5440916964616125,-0.7128071102252708,-0.16429207676195814
qiskit_nature_45_50,qiskit-community/qiskit-nature,strong,379,4,1.5707474045212535,large,1,5,6,11,0.8810239094851011,-0.06293725010773736,0.2745242190004717,-0.16429207676195814
qiskit_nature_460_482,qiskit-community/qiskit-nature,strong,302,2,0.4101639844619759,medium,1,15,6,21,0.23005880899788322,0.9508379027774668,1.6716350740677233,-0.16429207676195814
qiskit_nature_465_472,qiskit-community/qiskit-nature,medium,14,1,-3.0438968401033293,small,0,1,6,7,-1.7073056345138757,-0.7410863538906917,-1.2903589136095044,-0.16429207676195814
qiskit_nature_477_481,qiskit-community/qiskit-nature,medium,9,1,-3.407308972299277,small,0,1,5,6,-1.9111415769066478,-0.9644204766656972,-1.2903589136095044,-0.4076978128125124
qiskit_nature_47_77,qiskit-community/qiskit-nature,strong,481,3,1.3655387509883976,large,1,3,4,7,0.7659234613320167,-0.7410863538906917,-0.30302758438376187,-0.6955856948448571
qiskit_nature_493_506,qiskit-community/qiskit-nature,medium,152,2,-0.2022626973655385,medium,0,1,4,5,-0.11344807692380175,-1.2222408002445668,-1.2903589136095044,-0.6955856948448571
qiskit_nature_541_544,qiskit-community/qiskit-nature,medium,8,1,-3.5017419799213796,small,0,1,5,6,-1.964108551303794,-0.9644204766656972,-1.2903589136095044,-0.4076978128125124
qiskit_nature_563_620,qiskit-community/qiskit-nature,medium,204,7,1.8986975655477885,large,0,2,3,5,1.0649694198530966,-1.2222408002445668,-0.7128071102252708,-1.0479319862360774
qiskit_nature_571_632,qiskit-community/qiskit-nature,medium,218,4,1.0768053891277622,large,0,4,5,9,0.6039744461478943,-0.3678739705989858,0.014822109456488507,-0.4076978128125124
qiskit_nature_577_591,qiskit-community/qiskit-nature,strong,98,2,-0.5924315806940605,small,1,5,3,8,-0.33229173947583474,-0.5440916964616125,0.2745242190004717,-1.0479319862360774
qiskit_nature_582_1313,qiskit-community/qiskit-nature,strong,152,6,1.3861422688254246,large,1,7,5,12,0.7774798654882,0.07093589800711686,0.6843037448419805,-0.4076978128125124
qiskit_nature_665_756,qiskit-community/qiskit-nature,medium,171,2,-0.0973467094238169,medium,0,12,9,21,-0.05460125432339769,0.9508379027774668,1.3758698227967299,0.3989018537317931
qiskit_nature_669_731,qiskit-community/qiskit-nature,medium,130,2,-0.3414024548043436,medium,0,11,12,23,-0.19149083078141993,1.0963663000290922,1.2618555482262144,0.813178112374536
qiskit_nature_683_684,qiskit-community/qiskit-nature,medium,232,8,2.2342519899812388,large,0,1,2,3,1.2531801213372646,-1.9003899040275207,-1.2903589136095044,-1.5021853613891618
qiskit_nature_6_624,qiskit-community/qiskit-nature,strong,181,2,-0.04669568565822,medium,1,7,5,12,-0.02619136305192996,0.07093589800711686,0.6843037448419805,-0.4076978128125124
qiskit_nature_715_716,qiskit-community/qiskit-nature,medium,20,1,-2.742321956124325,small,0,3,3,6,-1.5381538775089492,-0.9644204766656972,-0.30302758438376187,-1.0479319862360774
qiskit_nature_787_799,qiskit-community/qiskit-nature,strong,491,5,2.1440573929564812,large,1,20,6,26,1.2025904490217438,1.2933609574581706,2.0589823565782943,-0.16429207676195814
qiskit_nature_795_1188,qiskit-community/qiskit-nature,strong,332,4,1.4524120577329622,large,1,15,8,23,0.8146502394999695,1.0963663000290922,1.6716350740677233,0.2325363606110529
qiskit_nature_828_891,qiskit-community/qiskit-nature,medium,119,3,0.1192977037197446,medium,0,16,8,24,0.0669134508968352,1.1646419628295481,1.7579898773772813,0.2325363606110529
qiskit_nature_82_96,qiskit-community/qiskit-nature,strong,281,4,1.3034178116866562,large,1,3,4,7,0.7310801551155166,-0.7410863538906917,-0.30302758438376187,-0.6955856948448571
qiskit_nature_847_1043,qiskit-community/qiskit-nature,strong,686,3,1.683173210041136,large,1,2,10,12,0.9440829490359752,0.07093589800711686,-0.7128071102252708,0.5493977483615103
qiskit_nature_848_858,qiskit-community/qiskit-nature,medium,105,3,0.0081112251394833,medium,0,8,12,20,0.004549543269994461,0.8730321772540861,0.8520760223847056,0.813178112374536
qiskit_nature_861_904,qiskit-community/qiskit-nature,medium,10,1,-3.321883925926535,small,0,1,20,21,-1.8632271203195314,0.9508379027774668,-1.2903589136095044,1.5704296452382567
qiskit_nature_865_890,qiskit-community/qiskit-nature,medium,154,2,-0.1906224740189092,medium,0,3,3,6,-0.10691913722884627,-0.9644204766656972,-0.30302758438376187,-1.0479319862360774
qiskit_nature_866_870,qiskit-community/qiskit-nature,medium,391,6,2.2293882581073525,large,0,6,41,47,1.250452079859759,2.2556698501659214,0.4940992239683182,2.6649171938149068
qiskit_nature_881_903,qiskit-community/qiskit-nature,medium,287,2,0.3646575311284383,medium,0,3,11,14,0.20453448006548286,0.31027513318396777,-0.30302758438376187,0.6867897357641375
qiskit_nature_918_1046,qiskit-community/qiskit-nature,strong,85,2,-0.7186038528268965,small,1,1,8,9,-0.4030610994271058,-0.3678739705989858,-1.2903589136095044,0.2325363606110529
qiskit_nature_919_920,qiskit-community/qiskit-nature,strong,84,1,-1.4892006271809357,small,1,6,3,9,-0.8352847534811002,-0.3678739705989858,0.4940992239683182,-1.0479319862360774
qiskit_nature_91_729,qiskit-community/qiskit-nature,strong,155,3,0.3544507535272197,medium,1,5,8,13,0.1988095525057831,0.19488307347113185,0.2745242190004717,0.2325363606110529
qiskit_nature_955_964,qiskit-community/qiskit-nature,medium,84,8,1.3304500745017425,large,0,1,19,20,0.7462424083199616,0.8730321772540861,-1.2903589136095044,1.4933894023084422
qiskit_nature_956_1027,qiskit-community/qiskit-nature,medium,102,2,-0.5569305202039815,medium,0,1,15,16,-0.3123793824578905,0.5196131786127105,-1.2903589136095044,1.141043110917222
qiskit_nature_957_1038,qiskit-community/qiskit-nature,medium,350,2,0.5419656983396988,medium,0,4,11,15,0.30398569304247625,0.4182171962461378,0.014822109456488507,0.6867897357641375
qiskit_nature_958_1085,qiskit-community/qiskit-nature,strong,669,5,2.420829177441074,large,1,52,68,120,1.3578302787358694,3.802065709582454,3.377665073267956,3.448796874730273
qiskit_nature_973_1018,qiskit-community/qiskit-nature,strong,180,3,0.4876754142670494,medium,1,3,8,11,0.27353455991752884,-0.06293725010773736,-0.30302758438376187,0.2325363606110529
qiskit_nature_9_232,qiskit-community/qiskit-nature,strong,488,2,0.8391523992573985,medium,1,3,5,8,0.4706761413830825,-0.5440916964616125,-0.30302758438376187,-0.4076978128125124
qiskit_optimization_133_139,qiskit-community/qiskit-optimization,medium,76,1,-1.5777946265304528,small,0,1,6,7,-0.8849766590282062,-0.7410863538906917,-1.2903589136095044,-0.16429207676195814
qiskit_optimization_13_163,qiskit-community/qiskit-optimization,medium,274,1,-0.4368550950923801,medium,0,1,9,10,-0.245029711746735,-0.20846564735936257,-1.2903589136095044,0.3989018537317931
qiskit_optimization_40_157,qiskit-community/qiskit-optimization,medium,294,3,0.925491014417998,large,0,9,15,24,0.5191030138702634,1.1646419628295481,1.0021534386822315,1.141043110917222
qiskit_optimization_41_114,qiskit-community/qiskit-optimization,medium,211,11,2.6889052761908196,large,0,5,9,14,1.5081927443240268,0.31027513318396777,0.2745242190004717,0.3989018537317931
qiskit_optimization_425_436,qiskit-community/qiskit-optimization,medium,239,4,1.1588756545411312,large,0,2,2,4,0.6500072238426658,-1.5271775207358156,-0.7128071102252708,-1.5021853613891618
qiskit_optimization_433_467,qiskit-community/qiskit-optimization,strong,111,2,-0.4818488640766132,medium,1,8,5,13,-0.2702664787398599,0.19488307347113185,0.8520760223847056,-0.4076978128125124
qiskit_optimization_473_487,qiskit-community/qiskit-optimization,strong,1480,9,4.089387858975993,large,1,8,11,19,2.293716016047816,0.7914295795378429,0.8520760223847056,0.6867897357641375
qiskit_optimization_628_646,qiskit-community/qiskit-optimization,medium,20,1,-2.742321956124325,small,0,1,10,11,-1.5381538775089492,-0.06293725010773736,-1.2903589136095044,0.5493977483615103
qiskit_optimization_80_122,qiskit-community/qiskit-optimization,medium,1060,17,4.892378638557278,large,0,1,7,8,2.744109296260058,-0.5440916964616125,-1.2903589136095044,0.04655556234057219
qiskit_optimization_8_18,qiskit-community/qiskit-optimization,strong,548,5,2.24230786433518,large,1,3,3,6,1.2576986186444707,-0.9644204766656972,-0.30302758438376187,-1.0479319862360774
tangelo_384_398,sandbox-quantum/Tangelo,medium,28,2,-1.6929113413456078,small,0,2,3,5,-0.9495450153671054,-1.2222408002445668,-0.7128071102252708,-1.0479319862360774
tangelo_387_390,sandbox-quantum/Tangelo,medium,11,1,-3.243896968714248,small,0,1,3,4,-1.819484648592858,-1.5271775207358156,-1.2903589136095044,-1.0479319862360774
