sample_id,repository,issue_url,pr_url,issue_title,issue_state,target_tests,construction_risk,reason
qiskit_addon_sqd_148_230,Qiskit/qiskit-addon-sqd,https://github.com/Qiskit/qiskit-addon-sqd/issues/148,https://github.com/Qiskit/qiskit-addon-sqd/pull/230,Allow greater control over the dimension of the SCI subspace,CLOSED,test/test_fermion.py::TestFermion::test_diagonalize_fermionic_hamiltonian_max_dim,,SCI 子空间维度控制请求由 max_dim 实现直接完成；测试新增自旋扇区维度与 spin-square 断言，任务边界集中且具量子语义。
qiskit_addon_sqd_265_343,Qiskit/qiskit-addon-sqd,https://github.com/Qiskit/qiskit-addon-sqd/issues/265,https://github.com/Qiskit/qiskit-addon-sqd/pull/343,diagonalize_fermionic_hamiltonian should also accept Numpy array of bools in place of BitArray,CLOSED,test/test_fermion.py::TestFermion::test_diagonalize_fermionic_hamiltonian_numpy_bitstrings,,为 Executor 采样输出增加 NumPy bitstring 到经验概率与 SQD 对角化的完整输入路径；新增测试对 H2 求解能量与 CASCI 结果断言，改动对应单一需求。量子相关性为应用表示/执行接口层。
openqaoa_36_71,entropicalabs/openqaoa,https://github.com/entropicalabs/openqaoa/issues/36,https://github.com/entropicalabs/openqaoa/pull/71,Transform a docplex optimization problem into openQAOA Hamiltonian,CLOSED,tests/test_converters.py::TestDocplex2IsingClass::test_model_maxcut,,Docplex 优化问题到 QUBO/Ising Hamiltonian 的新转换直接满足 Issue；测试比较 MaxCut 映射项与系数。另引用 #41 经核实是同一 #36 请求的旧 PR，不是第二个独立需求。
openqaoa_112_85,entropicalabs/openqaoa,https://github.com/entropicalabs/openqaoa/issues/112,https://github.com/entropicalabs/openqaoa/pull/85,[Feature Request] Custom Mixers,CLOSED,tests/test_parameters.py::TestingQAOACircuitParams::test_QAOACircuitParams; tests/test_parameters.py::TestingQAOACircuitParams::test_QAOACircuitParams_assign_coefficients,,新增自定义 RotationGateMap mixer block，直接实现超出 X/XY 的 mixer 请求；新增测试核对 Hamiltonian/gate-map 等价、系数分配与电路结构。
openqaoa_207_302,entropicalabs/openqaoa,https://github.com/entropicalabs/openqaoa/issues/207,https://github.com/entropicalabs/openqaoa/pull/302,Integrate ZNE from Mitiq into OpenQAOA,OPEN,src/openqaoa-qiskit/tests/test_qiskit_backend_wrapper.py::TestingZNEWrapper::test_zne_get_counts; tests/test_notebooks.py::test_15_zne,Unreachable expectation assertions; notebook runtime/kernel requirements; no established mitigation-accuracy oracle.,"Issue requests Mitiq ZNE integration; PR adds ZNE wrapper and workflow configuration. Added get_counts assertion exercises wrapper output; test_15_zne executes a notebook configuring Richardson scaling [1,2,3] and optimizing with mitigation. Retain under existing feature-test criterion, with weak-oracle/runtime caveat: test_expectation_zne returns before its assertions and notebook checks execution only. Issue remains OPEN; recovered through historical PR-first route."
openqaoa_232_241,entropicalabs/openqaoa,https://github.com/entropicalabs/openqaoa/issues/232,https://github.com/entropicalabs/openqaoa/pull/241,Implement `as_matrix` method for the `Hamiltonian` class,CLOSED,tests/test_operators.py::test_hamiltonian_as_matrix (class context to resolve during construction),,Adds requested sparse matrix representation of Hamiltonian Pauli terms; added test compares the full complex 16x16 matrix to explicit expected entries.
squlearn_62_99,sQUlearn/squlearn,https://github.com/sQUlearn/squlearn/issues/62,https://github.com/sQUlearn/squlearn/pull/99,"High-level methods need to be able to set feature map hyperparameters (e.g. num_qubits, num_layers)",CLOSED,tests/qnn/test_base_qnn.py::TestBaseQNN::test_set_params_num_qubits_single_op; test_set_params_num_qubits_multi_op; tests/qnn/test_qnnr.py::TestQNNR::test_set_params_and_fit,Issue spans multiple ML classes; specification must clearly scope the QNN contribution without claiming all Issue62 functionality.,Implements a coherent QNN portion of Issue62: high-level hyperparameter changes propagate qubit counts/layers/observable settings and reinitialize training parameter arrays. Added tests check single/multiple observable qubit consistency and successful fitting after changing circuit depth. Other PRs address kernel classes; this PR's QNN scope is attributable to the issue.
squlearn_112_154,sQUlearn/squlearn,https://github.com/sQUlearn/squlearn/issues/112,https://github.com/sQUlearn/squlearn/pull/154,QNN Class has no classification loss,CLOSED,tests/qnn/test_loss.py::TestCrossEntropyLoss::test_value; test_gradient; tests/qnn/test_qnnc.py::TestQNNClassifier::test_fit_2out,,"Adds missing classification objective to QNN, integrating expectation-output postprocessing and circuit/observable parameter gradients with cross entropy. Unit tests check loss/gradients and modified QNNClassifier tests exercise training with single and multiple observables. Retained as a core QML application API feature under the historical scope (not claiming cross entropy itself is quantum-specific)."
squlearn_266_301,sQUlearn/squlearn,https://github.com/sQUlearn/squlearn/issues/266,https://github.com/sQUlearn/squlearn/pull/301,Remove need for `num_features` before fitting,CLOSED,tests/encoding_circuit/circuit_library/test_chebyshev_pqc.py::TestChebyshevPQC::test_minimal_fit; test_get_circuit; tests/kernel/ml/test_qkrr.py::test_predict_without_num_features,Large cross-module patch; overlapping Issue292 must not count as an independent retained PR.,"PR main goal matches Issue266: deferred encoding-circuit and QML-model initialization infers feature dimension at fit time. Encoding-slot capacity/mismatch checks are explicitly discussed in Issue266; also closing related Issue292 does not add a clearly independent task. New circuit tests exercise dimension inference, slot mismatch and numerical kernel predictions."
squlearn_274_279,sQUlearn/squlearn,https://github.com/sQUlearn/squlearn/issues/274,https://github.com/sQUlearn/squlearn/pull/279,Adapatation of KernelOptimizer to squlearn standards,CLOSED,tests/kernel/matrix/test_kernel_optimizer.py::test_kernel_optimizer_for_regressor_classes; test_kernel_opimizer_for_classification_classes,,"Beyond reorganizing classes, adds user-visible automatic quantum-kernel parameter optimization when fitting high-level classifiers/regressors, with Fidelity/Projected kernels and NLL/target-alignment losses. New parametrized tests call fit and check optimized parameters/fitted state across five model classes."
squlearn_275_339,sQUlearn/squlearn,https://github.com/sQUlearn/squlearn/issues/275,https://github.com/sQUlearn/squlearn/pull/339,Serialization of models,CLOSED,tests/qnn/test_qnnr.py::TestQNNRegressor::test_serialization; tests/util/serialization/test_model_pickler.py,,"Adds model persistence requiring reconstruction of Qulacs circuit/observable instructions and symbolic SparsePauliOp coefficients, plus executor reinjection. New round-trip tests preserve QNN numerical predictions and trainable circuit/observable parameters across backends; exceeds generic file I/O and directly targets core quantum-model behavior."
tequila_400_411,tequilahub/tequila,https://github.com/tequilahub/tequila/issues/400,https://github.com/tequilahub/tequila/pull/411,optimized compiling for general QubitExcitations beyond single and double,CLOSED,tests/test_recompilation_routines.py::test_compile_qubit_excitations,Random-state test requires repeated runtime stability checks.,Extends optimized QubitExcitation decomposition beyond single/double excitations. Added test checks lower circuit depth and unit state fidelity against Pauli decomposition for triple and five-fold excitations including random complex states.
tequila_403_407,tequilahub/tequila,https://github.com/tequilahub/tequila/issues/403,https://github.com/tequilahub/tequila/pull/407,to_matrix for circuits,CLOSED,tests/test_circuit_unitary.py::test_circuit_to_matrix; test_circuit_to_matrix_with_params,Requires optional quimb; tests skip without it; confirm basis ordering and numerical stability at runtime.,Adds circuit-to-unitary conversion using Quimb with variable binding and qubit-order mapping. New tests compare explicit three-qubit matrix and parameterized Pauli exponential to analytic matrices.
tequila_406_409,tequilahub/tequila,https://github.com/tequilahub/tequila/issues/406,https://github.com/tequilahub/tequila/pull/409,Chemistry: FCI Wavefunction to QubitWaveFunction,CLOSED,tests/test_chemistry.py::test_wfn_fci,Requires PySCF; full Hilbert-space diagonalization cost and reference-state degeneracy/stability need runtime checks.,Adds PySCF FCI determinant-to-qubit wavefunction conversion with interleaved spin orbitals and fermionic permutation phases. Added parametrized molecular tests check unit fidelity and energy equality against exact Hamiltonian diagonalization.
