id,sample_id,repository,issue_url,pr_url,issue_label,keep,benchmark_status,benchmark_notes
1,qiskit_addon_sqd_4_168,Qiskit/qiskit-addon-sqd,https://github.com/Qiskit/qiskit-addon-sqd/issues/4,https://github.com/Qiskit/qiskit-addon-sqd/pull/168,other,,,
2,qiskit_addon_sqd_148_230,Qiskit/qiskit-addon-sqd,https://github.com/Qiskit/qiskit-addon-sqd/issues/148,https://github.com/Qiskit/qiskit-addon-sqd/pull/230,feature,yes,completed,"Closed Issue; actual 3x per-selector stability plus four offline formal commands verified. F2P=1, P2P=3; wall seconds=[8.101, 5.456, 3.85, 4.299]; platform=linux/arm64. Exclusions: {""test_diagonalize_fermionic_hamiltonian_basic"": ""Renamed in PR; does not exist with same nodeid on base, so excluded from P2P. Adjacent solver seed and determinant-string cases retained.""}. Evidence: construction/logs/qiskit_addon_sqd_148_230/"
3,qiskit_addon_sqd_182_249,Qiskit/qiskit-addon-sqd,https://github.com/Qiskit/qiskit-addon-sqd/issues/182,https://github.com/Qiskit/qiskit-addon-sqd/pull/249,other,,,
4,qiskit_addon_sqd_225_226,Qiskit/qiskit-addon-sqd,https://github.com/Qiskit/qiskit-addon-sqd/issues/225,https://github.com/Qiskit/qiskit-addon-sqd/pull/226,bugfix,,,
5,qiskit_addon_sqd_231_232,Qiskit/qiskit-addon-sqd,https://github.com/Qiskit/qiskit-addon-sqd/issues/231,https://github.com/Qiskit/qiskit-addon-sqd/pull/232,feature,no,,
6,qiskit_addon_sqd_265_343,Qiskit/qiskit-addon-sqd,https://github.com/Qiskit/qiskit-addon-sqd/issues/265,https://github.com/Qiskit/qiskit-addon-sqd/pull/343,feature,yes,completed,"Closed Issue; actual 3x per-selector stability plus four offline formal commands verified. F2P=1, P2P=5; wall seconds=[4.269, 5.927, 3.232, 6.032]; platform=linux/arm64. Exclusions: {}. Evidence: construction/logs/qiskit_addon_sqd_265_343/"
7,qiskit_addon_sqd_288_305,Qiskit/qiskit-addon-sqd,https://github.com/Qiskit/qiskit-addon-sqd/issues/288,https://github.com/Qiskit/qiskit-addon-sqd/pull/305,other,,,
8,openqaoa_11_16,entropicalabs/openqaoa,https://github.com/entropicalabs/openqaoa/issues/11,https://github.com/entropicalabs/openqaoa/pull/16,feature,no,,
9,openqaoa_11_25,entropicalabs/openqaoa,https://github.com/entropicalabs/openqaoa/issues/11,https://github.com/entropicalabs/openqaoa/pull/25,feature,no,,
10,openqaoa_15_19,entropicalabs/openqaoa,https://github.com/entropicalabs/openqaoa/issues/15,https://github.com/entropicalabs/openqaoa/pull/19,bugfix,,,
11,openqaoa_27_25,entropicalabs/openqaoa,https://github.com/entropicalabs/openqaoa/issues/27,https://github.com/entropicalabs/openqaoa/pull/25,other,,,
12,openqaoa_27_34,entropicalabs/openqaoa,https://github.com/entropicalabs/openqaoa/issues/27,https://github.com/entropicalabs/openqaoa/pull/34,refactor,,,
13,openqaoa_35_34,entropicalabs/openqaoa,https://github.com/entropicalabs/openqaoa/issues/35,https://github.com/entropicalabs/openqaoa/pull/34,bugfix,,,
14,openqaoa_35_39,entropicalabs/openqaoa,https://github.com/entropicalabs/openqaoa/issues/35,https://github.com/entropicalabs/openqaoa/pull/39,bugfix,,,
15,openqaoa_36_71,entropicalabs/openqaoa,https://github.com/entropicalabs/openqaoa/issues/36,https://github.com/entropicalabs/openqaoa/pull/71,feature,yes,completed,"Closed Issue; actual 3x per-selector stability plus four offline formal commands verified. F2P=2, P2P=5; wall seconds=[13.793, 12.475, 8.157, 8.23]; platform=linux/amd64. Exclusions: {}. Evidence: construction/logs/openqaoa_36_71/"
16,openqaoa_47_71,entropicalabs/openqaoa,https://github.com/entropicalabs/openqaoa/issues/47,https://github.com/entropicalabs/openqaoa/pull/71,other,,,
17,openqaoa_48_75,entropicalabs/openqaoa,https://github.com/entropicalabs/openqaoa/issues/48,https://github.com/entropicalabs/openqaoa/pull/75,bugfix,,,
18,openqaoa_105_108,entropicalabs/openqaoa,https://github.com/entropicalabs/openqaoa/issues/105,https://github.com/entropicalabs/openqaoa/pull/108,bugfix,,,
19,openqaoa_106_113,entropicalabs/openqaoa,https://github.com/entropicalabs/openqaoa/issues/106,https://github.com/entropicalabs/openqaoa/pull/113,other,,,
20,openqaoa_111_113,entropicalabs/openqaoa,https://github.com/entropicalabs/openqaoa/issues/111,https://github.com/entropicalabs/openqaoa/pull/113,other,,,
21,openqaoa_112_85,entropicalabs/openqaoa,https://github.com/entropicalabs/openqaoa/issues/112,https://github.com/entropicalabs/openqaoa/pull/85,feature,yes,completed,"Closed Issue; actual 3x per-selector stability plus four offline formal commands verified. F2P=3, P2P=6; wall seconds=[5.963, 5.804, 6.783, 6.432]; platform=linux/amd64. Exclusions: {""TestingQAOAVariationalParameters"": ""Class renamed by PR; no stable shared nodeids in test_parameters.py. Use adjacent Hamiltonian and Pauli representation tests consumed by QAOA circuit parameters.""}. Evidence: construction/logs/openqaoa_112_85/"
22,openqaoa_132_108,entropicalabs/openqaoa,https://github.com/entropicalabs/openqaoa/issues/132,https://github.com/entropicalabs/openqaoa/pull/108,bugfix,,,
23,openqaoa_145_154,entropicalabs/openqaoa,https://github.com/entropicalabs/openqaoa/issues/145,https://github.com/entropicalabs/openqaoa/pull/154,refactor,,,
24,openqaoa_186_192,entropicalabs/openqaoa,https://github.com/entropicalabs/openqaoa/issues/186,https://github.com/entropicalabs/openqaoa/pull/192,bugfix,,,
25,openqaoa_207_302,entropicalabs/openqaoa,https://github.com/entropicalabs/openqaoa/issues/207,https://github.com/entropicalabs/openqaoa/pull/302,feature,yes,excluded_open_issue,Issue is still open in live GitHub evidence; excluded by the required closed-Issue gate before Docker validation.
26,openqaoa_226_254,entropicalabs/openqaoa,https://github.com/entropicalabs/openqaoa/issues/226,https://github.com/entropicalabs/openqaoa/pull/254,refactor,,,
27,openqaoa_232_241,entropicalabs/openqaoa,https://github.com/entropicalabs/openqaoa/issues/232,https://github.com/entropicalabs/openqaoa/pull/241,feature,yes,completed,"Closed Issue; actual 3x per-selector stability plus four offline formal commands verified. F2P=1, P2P=10; wall seconds=[8.871, 7.86, 8.001, 8.211]; platform=linux/amd64. Exclusions: {}. Evidence: construction/logs/openqaoa_232_241/"
28,openqaoa_234_246,entropicalabs/openqaoa,https://github.com/entropicalabs/openqaoa/issues/234,https://github.com/entropicalabs/openqaoa/pull/246,feature,no,,
29,openqaoa_235_252,entropicalabs/openqaoa,https://github.com/entropicalabs/openqaoa/issues/235,https://github.com/entropicalabs/openqaoa/pull/252,feature,no,,
30,openqaoa_293_300,entropicalabs/openqaoa,https://github.com/entropicalabs/openqaoa/issues/293,https://github.com/entropicalabs/openqaoa/pull/300,bugfix,,,
31,openqaoa_293_301,entropicalabs/openqaoa,https://github.com/entropicalabs/openqaoa/issues/293,https://github.com/entropicalabs/openqaoa/pull/301,bugfix,,,
32,openqaoa_296_298,entropicalabs/openqaoa,https://github.com/entropicalabs/openqaoa/issues/296,https://github.com/entropicalabs/openqaoa/pull/298,bugfix,,,
33,openqaoa_296_301,entropicalabs/openqaoa,https://github.com/entropicalabs/openqaoa/issues/296,https://github.com/entropicalabs/openqaoa/pull/301,bugfix,,,
34,squlearn_13_74,sQUlearn/squlearn,https://github.com/sQUlearn/squlearn/issues/13,https://github.com/sQUlearn/squlearn/pull/74,other,,,
35,squlearn_13_101,sQUlearn/squlearn,https://github.com/sQUlearn/squlearn/issues/13,https://github.com/sQUlearn/squlearn/pull/101,other,,,
36,squlearn_13_126,sQUlearn/squlearn,https://github.com/sQUlearn/squlearn/issues/13,https://github.com/sQUlearn/squlearn/pull/126,other,,,
37,squlearn_13_131,sQUlearn/squlearn,https://github.com/sQUlearn/squlearn/issues/13,https://github.com/sQUlearn/squlearn/pull/131,other,,,
38,squlearn_13_137,sQUlearn/squlearn,https://github.com/sQUlearn/squlearn/issues/13,https://github.com/sQUlearn/squlearn/pull/137,other,,,
39,squlearn_13_138,sQUlearn/squlearn,https://github.com/sQUlearn/squlearn/issues/13,https://github.com/sQUlearn/squlearn/pull/138,other,,,
40,squlearn_62_99,sQUlearn/squlearn,https://github.com/sQUlearn/squlearn/issues/62,https://github.com/sQUlearn/squlearn/pull/99,feature,yes,completed,"Closed Issue; actual 3x per-selector stability plus four offline formal commands verified. F2P=7, P2P=4; wall seconds=[93.725, 47.26, 7.508, 37.817]; platform=linux/amd64. Exclusions: {""test_set_params_seed"": ""Passes on base; not F2P"", ""test_set_params_invalid_param"": ""Passes on base; not F2P""}. Evidence: construction/logs/squlearn_62_99/"
41,squlearn_98_106,sQUlearn/squlearn,https://github.com/sQUlearn/squlearn/issues/98,https://github.com/sQUlearn/squlearn/pull/106,other,,,
42,squlearn_112_154,sQUlearn/squlearn,https://github.com/sQUlearn/squlearn/issues/112,https://github.com/sQUlearn/squlearn/pull/154,feature,yes,completed,"Closed Issue; actual 3x per-selector stability plus four offline formal commands verified. F2P=9, P2P=2; wall seconds=[7.865, 7.46, 6.934, 6.213]; platform=linux/amd64. Exclusions: {}. Evidence: construction/logs/squlearn_112_154/"
43,squlearn_113_287,sQUlearn/squlearn,https://github.com/sQUlearn/squlearn/issues/113,https://github.com/sQUlearn/squlearn/pull/287,feature,no,,
44,squlearn_115_139,sQUlearn/squlearn,https://github.com/sQUlearn/squlearn/issues/115,https://github.com/sQUlearn/squlearn/pull/139,other,,,
45,squlearn_124_137,sQUlearn/squlearn,https://github.com/sQUlearn/squlearn/issues/124,https://github.com/sQUlearn/squlearn/pull/137,refactor,,,
46,squlearn_132_159,sQUlearn/squlearn,https://github.com/sQUlearn/squlearn/issues/132,https://github.com/sQUlearn/squlearn/pull/159,refactor,,,
47,squlearn_133_148,sQUlearn/squlearn,https://github.com/sQUlearn/squlearn/issues/133,https://github.com/sQUlearn/squlearn/pull/148,other,,,
48,squlearn_147_182,sQUlearn/squlearn,https://github.com/sQUlearn/squlearn/issues/147,https://github.com/sQUlearn/squlearn/pull/182,refactor,,,
49,squlearn_151_169,sQUlearn/squlearn,https://github.com/sQUlearn/squlearn/issues/151,https://github.com/sQUlearn/squlearn/pull/169,feature,no,,
50,squlearn_177_185,sQUlearn/squlearn,https://github.com/sQUlearn/squlearn/issues/177,https://github.com/sQUlearn/squlearn/pull/185,feature,no,,
51,squlearn_198_197,sQUlearn/squlearn,https://github.com/sQUlearn/squlearn/issues/198,https://github.com/sQUlearn/squlearn/pull/197,other,,,
52,squlearn_266_301,sQUlearn/squlearn,https://github.com/sQUlearn/squlearn/issues/266,https://github.com/sQUlearn/squlearn/pull/301,feature,yes,completed,"Closed Issue; actual 3x per-selector stability plus four offline formal commands verified. F2P=33, P2P=3; wall seconds=[9.319, 6.203, 6.195, 5.923]; platform=linux/amd64. Exclusions: {""tests/encoding_circuit/circuit_library/test_high_dim_encoding_circuit.py::TestHighDimEncodingCircuit::test_feature_consistency"": ""Passes independently on base in repeated runs; not F2P. All other circuit/model target cases retained.""}. Evidence: construction/logs/squlearn_266_301/"
53,squlearn_274_279,sQUlearn/squlearn,https://github.com/sQUlearn/squlearn/issues/274,https://github.com/sQUlearn/squlearn/pull/279,feature,yes,completed,"Closed Issue; actual 3x per-selector stability plus four offline formal commands verified. F2P=5, P2P=6; wall seconds=[16.982, 6.306, 6.253, 5.634]; platform=linux/amd64. Exclusions: {}. Evidence: construction/logs/squlearn_274_279/"
54,squlearn_275_339,sQUlearn/squlearn,https://github.com/sQUlearn/squlearn/issues/275,https://github.com/sQUlearn/squlearn/pull/339,feature,yes,completed,"Closed Issue; actual 3x per-selector stability plus four offline formal commands verified. F2P=26, P2P=4; wall seconds=[18.616, 5.125, 4.229, 4.476]; platform=linux/amd64. Exclusions: {}. Evidence: construction/logs/squlearn_275_339/"
55,squlearn_292_301,sQUlearn/squlearn,https://github.com/sQUlearn/squlearn/issues/292,https://github.com/sQUlearn/squlearn/pull/301,feature,no,,
56,squlearn_297_298,sQUlearn/squlearn,https://github.com/sQUlearn/squlearn/issues/297,https://github.com/sQUlearn/squlearn/pull/298,bugfix,,,
57,squlearn_300_298,sQUlearn/squlearn,https://github.com/sQUlearn/squlearn/issues/300,https://github.com/sQUlearn/squlearn/pull/298,bugfix,,,
58,squlearn_358_377,sQUlearn/squlearn,https://github.com/sQUlearn/squlearn/issues/358,https://github.com/sQUlearn/squlearn/pull/377,other,,,
59,squlearn_367_379,sQUlearn/squlearn,https://github.com/sQUlearn/squlearn/issues/367,https://github.com/sQUlearn/squlearn/pull/379,bugfix,,,
60,squlearn_380_381,sQUlearn/squlearn,https://github.com/sQUlearn/squlearn/issues/380,https://github.com/sQUlearn/squlearn/pull/381,bugfix,,,
61,tequila_214_215,tequilahub/tequila,https://github.com/tequilahub/tequila/issues/214,https://github.com/tequilahub/tequila/pull/215,bugfix,,,
62,tequila_247_248,tequilahub/tequila,https://github.com/tequilahub/tequila/issues/247,https://github.com/tequilahub/tequila/pull/248,bugfix,,,
63,tequila_307_308,tequilahub/tequila,https://github.com/tequilahub/tequila/issues/307,https://github.com/tequilahub/tequila/pull/308,bugfix,,,
64,tequila_315_316,tequilahub/tequila,https://github.com/tequilahub/tequila/issues/315,https://github.com/tequilahub/tequila/pull/316,bugfix,,,
65,tequila_400_411,tequilahub/tequila,https://github.com/tequilahub/tequila/issues/400,https://github.com/tequilahub/tequila/pull/411,feature,yes,completed,"Closed Issue; actual 3x per-selector stability plus four offline formal commands verified. F2P=1, P2P=15; wall seconds=[36.625, 9.319, 18.93, 12.981]; platform=linux/amd64. Exclusions: {}. Evidence: construction/logs/tequila_400_411/"
66,tequila_401_412,tequilahub/tequila,https://github.com/tequilahub/tequila/issues/401,https://github.com/tequilahub/tequila/pull/412,feature,no,,
67,tequila_403_407,tequilahub/tequila,https://github.com/tequilahub/tequila/issues/403,https://github.com/tequilahub/tequila/pull/407,feature,yes,completed,"Closed Issue; actual 3x per-selector stability plus four offline formal commands verified. F2P=2, P2P=5; wall seconds=[38.305, 10.155, 10.728, 11.949]; platform=linux/amd64. Exclusions: {}. Evidence: construction/logs/tequila_403_407/"
68,tequila_406_409,tequilahub/tequila,https://github.com/tequilahub/tequila/issues/406,https://github.com/tequilahub/tequila/pull/409,feature,yes,completed,"Closed Issue; actual 3x per-selector stability plus four offline formal commands verified. F2P=3, P2P=4; wall seconds=[17.411, 9.661, 15.19, 9.867]; platform=linux/amd64. Exclusions: {""test_orbital_transformation"": ""Adjacent orbital-basis integration dominates P2P time (about 80-100 seconds in exploration), approaching 120-second budget; retain molecular Hamiltonian and reference-state coverage, without narrowing the FCI wavefunction F2P.""}. Evidence: construction/logs/tequila_406_409/"
