sample_id,repo,quantum_depth,gold_solution_lines,gold_solution_files,annotation_source,engineering_complexity_score,engineering_complexity
openfermion_151_352,quantumlib/OpenFermion,medium,85,1,original_author_annotations,-1.429714864405155,small
openfermion_207_212,quantumlib/OpenFermion,strong,60,1,original_author_annotations,-1.7409075771648952,small
openfermion_246_306,quantumlib/OpenFermion,strong,180,6,original_author_annotations,1.5073519296318647,large
openfermion_258_262,quantumlib/OpenFermion,strong,55,2,original_author_annotations,-1.0860040888768925,small
openfermion_259_283,quantumlib/OpenFermion,strong,124,2,original_author_annotations,-0.3585069546705927,medium
openfermion_37_114,quantumlib/OpenFermion,medium,159,1,original_author_annotations,-0.8672355849319081,small
openfermion_457_549,quantumlib/OpenFermion,medium,68,1,original_author_annotations,-1.629256729989268,small
openfermion_458_501,quantumlib/OpenFermion,strong,266,2,original_author_annotations,0.3291008625460427,medium
openfermion_469_474,quantumlib/OpenFermion,medium,27,1,original_author_annotations,-2.4463951228711034,small
openfermion_46_61,quantumlib/OpenFermion,medium,267,3,original_author_annotations,0.8521254133313538,medium
openfermion_542_589,quantumlib/OpenFermion,strong,80,2,original_author_annotations,-0.7515955718054259,small
openfermion_752_753,quantumlib/OpenFermion,strong,421,1,original_author_annotations,0.011448082693452433,medium
openqaoa_112_85,entropicalabs/openqaoa,strong,211,4,construction_metadata_author_confirmed_three_rater_review,1.0428166385442355,large
openqaoa_232_241,entropicalabs/openqaoa,strong,34,1,construction_metadata_author_confirmed_three_rater_review,-2.244223308161144,small
openqaoa_36_71,entropicalabs/openqaoa,medium,311,1,construction_metadata_author_confirmed_three_rater_review,-0.2621709286823679,medium
pennylane_166_588,PennyLaneAI/pennylane,medium,233,2,original_author_annotations,0.20957228719599302,medium
pennylane_2492_3742,PennyLaneAI/pennylane,medium,47,1,original_author_annotations,-1.9580552177577166,small
pennylane_3982_3977,PennyLaneAI/pennylane,strong,112,1,original_author_annotations,-1.1823355536890285,small
pennylane_4881_4928,PennyLaneAI/pennylane,strong,109,2,original_author_annotations,-0.4743261416757073,medium
pennylane_5759_5773,PennyLaneAI/pennylane,medium,176,5,original_author_annotations,1.2086638992221683,large
pennylane_5895_5920,PennyLaneAI/pennylane,medium,46,1,original_author_annotations,-1.9771299609814799,small
pennylane_991_1062,PennyLaneAI/pennylane,medium,12,1,original_author_annotations,-3.141541210024962,small
qiskit_addon_sqd_148_230,Qiskit/qiskit-addon-sqd,strong,139,2,construction_metadata_author_confirmed_three_rater_review,-0.2558292575905267,medium
qiskit_addon_sqd_265_343,Qiskit/qiskit-addon-sqd,medium,21,1,construction_metadata_author_confirmed_three_rater_review,-2.6648920069562845,small
qiskit_finance_54_57,qiskit-community/qiskit-finance,medium,61,1,original_author_annotations,-1.726175271465646,small
qiskit_finance_72_112,qiskit-community/qiskit-finance,medium,30,3,original_author_annotations,-1.1021527026158133,small
qiskit_machine_learning_112_151,qiskit-community/qiskit-machine-learning,medium,64,5,original_author_annotations,0.30105024068185504,medium
qiskit_machine_learning_113_115,qiskit-community/qiskit-machine-learning,medium,46,5,original_author_annotations,0.0072836418625633614,medium
qiskit_machine_learning_226_219,qiskit-community/qiskit-machine-learning,medium,135,1,original_author_annotations,-1.0144804714983104,small
qiskit_machine_learning_227_244,qiskit-community/qiskit-machine-learning,strong,450,5,original_author_annotations,2.056077399676486,large
qiskit_machine_learning_320_412,qiskit-community/qiskit-machine-learning,medium,108,2,original_author_annotations,-0.4826003255538512,medium
qiskit_machine_learning_326_360,qiskit-community/qiskit-machine-learning,medium,84,6,original_author_annotations,0.8225429309974102,medium
qiskit_machine_learning_328_348,qiskit-community/qiskit-machine-learning,medium,61,1,original_author_annotations,-1.726175271465646,small
qiskit_machine_learning_340_364,qiskit-community/qiskit-machine-learning,strong,305,3,original_author_annotations,0.9722615440018592,large
qiskit_machine_learning_367_540,qiskit-community/qiskit-machine-learning,medium,173,6,original_author_annotations,1.471617056286202,large
qiskit_machine_learning_385_404,qiskit-community/qiskit-machine-learning,medium,31,1,original_author_annotations,-2.3254134327946816,small
qiskit_machine_learning_387_398,qiskit-community/qiskit-machine-learning,medium,51,1,original_author_annotations,-1.8855351768721471,small
qiskit_machine_learning_400_436,qiskit-community/qiskit-machine-learning,medium,509,7,original_author_annotations,2.6871037456775007,large
qiskit_machine_learning_401_470,qiskit-community/qiskit-machine-learning,medium,368,3,original_author_annotations,1.1418783533414005,large
qiskit_machine_learning_44_73,qiskit-community/qiskit-machine-learning,medium,200,4,original_author_annotations,0.9945428232584155,large
qiskit_machine_learning_505_569,qiskit-community/qiskit-machine-learning,medium,219,3,original_author_annotations,0.6733144429091369,medium
qiskit_machine_learning_551_548,qiskit-community/qiskit-machine-learning,medium,123,3,original_author_annotations,0.1538533305370013,medium
qiskit_machine_learning_557_558,qiskit-community/qiskit-machine-learning,medium,43,1,original_author_annotations,-2.0368889903798775,small
qiskit_machine_learning_597_609,qiskit-community/qiskit-machine-learning,medium,94,2,original_author_annotations,-0.6071513577556524,small
qiskit_machine_learning_62_143,qiskit-community/qiskit-machine-learning,medium,27,1,original_author_annotations,-2.4463951228711034,small
qiskit_machine_learning_638_639,qiskit-community/qiskit-machine-learning,medium,139,5,original_author_annotations,0.9961963278357133,large
qiskit_machine_learning_63_102,qiskit-community/qiskit-machine-learning,medium,104,2,original_author_annotations,-0.5164740591299689,medium
qiskit_machine_learning_90_117,qiskit-community/qiskit-machine-learning,medium,31,8,original_author_annotations,0.39138818746716497,medium
qiskit_machine_learning_920_924,qiskit-community/qiskit-machine-learning,medium,131,4,original_author_annotations,0.6135600381262385,medium
qiskit_machine_learning_960_1021,qiskit-community/qiskit-machine-learning,strong,168,2,original_author_annotations,-0.08526588695540266,medium
qiskit_nature_1257_1270,qiskit-community/qiskit-nature,strong,402,3,original_author_annotations,1.2217346030359422,large
qiskit_nature_129_161,qiskit-community/qiskit-nature,strong,9,1,original_author_annotations,-3.3792476512375362,small
qiskit_nature_129_341,qiskit-community/qiskit-nature,strong,52,1,original_author_annotations,-1.8682771915013228,small
qiskit_nature_1345_1356,qiskit-community/qiskit-nature,strong,218,3,original_author_annotations,0.6691867964182745,medium
qiskit_nature_167_220,qiskit-community/qiskit-nature,strong,527,8,original_author_annotations,2.9312798946481555,large
qiskit_nature_174_862,qiskit-community/qiskit-nature,strong,187,7,original_author_annotations,1.782927243023815,large
qiskit_nature_22_35,qiskit-community/qiskit-nature,strong,470,2,original_author_annotations,0.8433645684392499,medium
qiskit_nature_243_263,qiskit-community/qiskit-nature,strong,432,10,original_author_annotations,3.1140333951613517,large
qiskit_nature_252_318,qiskit-community/qiskit-nature,medium,78,6,original_author_annotations,0.7562194143769526,medium
qiskit_nature_271_286,qiskit-community/qiskit-nature,strong,7,1,original_author_annotations,-3.581419465947496,small
qiskit_nature_337_520,qiskit-community/qiskit-nature,strong,192,2,original_author_annotations,0.03504542437221142,medium
qiskit_nature_375_380,qiskit-community/qiskit-nature,medium,98,2,original_author_annotations,-0.5697845428881447,small
qiskit_nature_3_25,qiskit-community/qiskit-nature,strong,543,7,original_author_annotations,2.7455767325069838,large
qiskit_nature_42_49,qiskit-community/qiskit-nature,strong,387,9,original_author_annotations,2.8424560738299673,large
qiskit_nature_45_50,qiskit-community/qiskit-nature,strong,379,4,original_author_annotations,1.571554454872103,large
qiskit_nature_460_482,qiskit-community/qiskit-nature,strong,302,2,original_author_annotations,0.4436976295262574,medium
qiskit_nature_465_472,qiskit-community/qiskit-nature,medium,14,1,original_author_annotations,-3.0118894362005717,small
qiskit_nature_477_481,qiskit-community/qiskit-nature,medium,9,1,original_author_annotations,-3.3792476512375362,small
qiskit_nature_47_77,qiskit-community/qiskit-nature,strong,481,3,original_author_annotations,1.38391845931363,large
qiskit_nature_493_506,qiskit-community/qiskit-nature,medium,152,2,original_author_annotations,-0.17537904058298512,medium
qiskit_nature_541_544,qiskit-community/qiskit-nature,medium,8,1,original_author_annotations,-3.4747060524499735,small
qiskit_nature_563_620,qiskit-community/qiskit-nature,medium,204,7,original_author_annotations,1.8613593234036707,large
qiskit_nature_571_632,qiskit-community/qiskit-nature,medium,218,4,original_author_annotations,1.0722490078847784,large
qiskit_nature_577_591,qiskit-community/qiskit-nature,strong,98,2,original_author_annotations,-0.5697845428881447,medium
qiskit_nature_582_1313,qiskit-community/qiskit-nature,strong,152,6,original_author_annotations,1.35508754636138,large
qiskit_nature_665_756,qiskit-community/qiskit-nature,medium,171,2,original_author_annotations,-0.06932383041094453,medium
qiskit_nature_669_731,qiskit-community/qiskit-nature,medium,130,2,original_author_annotations,-0.3160296364355077,medium
qiskit_nature_683_684,qiskit-community/qiskit-nature,medium,232,8,original_author_annotations,2.1901057263464025,large
qiskit_nature_6_624,qiskit-community/qiskit-nature,strong,181,2,original_author_annotations,-0.018122816377951656,medium
qiskit_nature_715_716,qiskit-community/qiskit-nature,medium,20,1,original_author_annotations,-2.7070399244105454,small
qiskit_nature_787_799,qiskit-community/qiskit-nature,strong,491,5,original_author_annotations,2.134911172298646,large
qiskit_nature_795_1188,qiskit-community/qiskit-nature,strong,332,4,original_author_annotations,1.4519341727718684,large
qiskit_nature_828_891,qiskit-community/qiskit-nature,medium,119,3,original_author_annotations,0.12414519895488983,medium
qiskit_nature_82_96,qiskit-community/qiskit-nature,strong,281,4,original_author_annotations,1.3013220841010438,large
qiskit_nature_847_1043,qiskit-community/qiskit-nature,strong,686,3,original_author_annotations,1.7050019278449735,large
qiskit_nature_848_858,qiskit-community/qiskit-nature,medium,105,3,original_author_annotations,0.011751410501324167,medium
qiskit_nature_861_904,qiskit-community/qiskit-nature,medium,10,1,original_author_annotations,-3.292895023532692,small
qiskit_nature_865_890,qiskit-community/qiskit-nature,medium,154,2,original_author_annotations,-0.1636124227614763,medium
qiskit_nature_866_870,qiskit-community/qiskit-nature,medium,391,6,original_author_annotations,2.207489857720272,large
qiskit_nature_881_903,qiskit-community/qiskit-nature,medium,287,2,original_author_annotations,0.39769704784986587,medium
qiskit_nature_918_1046,qiskit-community/qiskit-nature,strong,85,2,original_author_annotations,-0.6973268469873518,small
qiskit_nature_919_920,qiskit-community/qiskit-nature,strong,84,1,original_author_annotations,-1.4403116733647583,small
qiskit_nature_91_729,qiskit-community/qiskit-nature,strong,155,3,original_author_annotations,0.3618516401674649,medium
qiskit_nature_955_964,qiskit-community/qiskit-nature,medium,84,8,original_author_annotations,1.2764899468970883,large
qiskit_nature_956_1027,qiskit-community/qiskit-nature,medium,102,2,original_author_annotations,-0.5338979968481161,medium
qiskit_nature_957_1038,qiskit-community/qiskit-nature,medium,350,2,original_author_annotations,0.5769305022329572,medium
qiskit_nature_958_1085,qiskit-community/qiskit-nature,strong,669,5,original_author_annotations,2.4146882620355234,large
qiskit_nature_973_1018,qiskit-community/qiskit-nature,strong,180,3,original_author_annotations,0.4965229106959364,medium
qiskit_nature_9_232,qiskit-community/qiskit-nature,strong,488,2,original_author_annotations,0.8773441822115475,large
qiskit_optimization_133_139,qiskit-community/qiskit-optimization,medium,76,1,original_author_annotations,-1.5298676638798918,small
qiskit_optimization_13_163,qiskit-community/qiskit-optimization,medium,274,1,original_author_annotations,-0.37653932780714383,medium
qiskit_optimization_40_157,qiskit-community/qiskit-optimization,medium,294,3,original_author_annotations,0.9390924980537676,large
qiskit_optimization_41_114,qiskit-community/qiskit-optimization,medium,211,11,original_author_annotations,2.624168029921775,large
qiskit_optimization_425_436,qiskit-community/qiskit-optimization,medium,239,4,original_author_annotations,1.155210426997801,large
qiskit_optimization_433_467,qiskit-community/qiskit-optimization,strong,111,2,original_author_annotations,-0.4580010723004861,medium
qiskit_optimization_473_487,qiskit-community/qiskit-optimization,strong,1480,9,original_author_annotations,4.05603615938006,large
qiskit_optimization_628_646,qiskit-community/qiskit-optimization,medium,20,1,original_author_annotations,-2.7070399244105454,small
qiskit_optimization_80_122,qiskit-community/qiskit-optimization,medium,1060,17,original_author_annotations,4.815588225145596,large
qiskit_optimization_8_18,qiskit-community/qiskit-optimization,strong,548,5,original_author_annotations,2.234228488905892,large
squlearn_112_154,sQUlearn/squlearn,medium,287,11,construction_metadata_author_confirmed_three_rater_review,2.901748218702346,large
squlearn_274_279,sQUlearn/squlearn,medium,276,14,construction_metadata_author_confirmed_three_rater_review,3.2695274400621526,large
squlearn_62_99,sQUlearn/squlearn,medium,186,5,construction_metadata_author_confirmed_three_rater_review,1.258457573760537,large
tangelo_384_398,sandbox-quantum/Tangelo,medium,28,2,original_author_annotations,-1.6822137788479425,small
tangelo_387_390,sandbox-quantum/Tangelo,medium,11,1,original_author_annotations,-3.2140612509105315,small
tequila_400_411,tequilahub/tequila,strong,32,1,construction_metadata_author_confirmed_three_rater_review,-2.29753379191932,small
tequila_403_407,tequilahub/tequila,strong,90,4,construction_metadata_author_confirmed_three_rater_review,0.276573946520582,medium
tequila_406_409,tequilahub/tequila,strong,36,1,construction_metadata_author_confirmed_three_rater_review,-2.19387608734762,small
