id,sample_id,repository,issue_url,pr_url,issue_label,keep,benchmark_status,benchmark_notes
1,qiskit_optimization_681_682,qiskit-community/qiskit-optimization,https://github.com/qiskit-community/qiskit-optimization/issues/681,https://github.com/qiskit-community/qiskit-optimization/pull/682,bugfix,,,
2,qiskit_optimization_657_639,qiskit-community/qiskit-optimization,https://github.com/qiskit-community/qiskit-optimization/issues/657,https://github.com/qiskit-community/qiskit-optimization/pull/639,refactor,,,
3,qiskit_optimization_626_627,qiskit-community/qiskit-optimization,https://github.com/qiskit-community/qiskit-optimization/issues/626,https://github.com/qiskit-community/qiskit-optimization/pull/627,bugfix,,,
4,qiskit_optimization_628_646,qiskit-community/qiskit-optimization,https://github.com/qiskit-community/qiskit-optimization/issues/628,https://github.com/qiskit-community/qiskit-optimization/pull/646,feature,yes,completed,"Converted from file-level to case-level selectors. Fail-pass is the custom-graph TSP quadratic-program case, which patched passes 3x and base fails 3x with KeyError for missing edge (0, 2). Pass-pass narrowed to five adjacent complete-graph TSP/application quadratic-program or interpret cases with no skipped/xfailed/not-run items and passes 3x on both base and patched. Formal validation: patched fail-pass 1 passed in 18.36s, patched pass-pass 5 passed in 17.52s, base fail-pass target KeyError in 28.74s, base pass-pass 5 passed in 38.75s. Final image sha256:a527b63022367f1a964dba412e70d3887ad93a07cd0c39c1f81034436c7a44d2, size 1054024299 bytes. Pass-pass review update: Expanded pass-pass from 5 to 10 related TSP/VehicleRouting/application selectors. Formal pass-pass: patched 10 passed in 2.22s; base 10 passed in 2.87s."
5,qiskit_optimization_587_672,qiskit-community/qiskit-optimization,https://github.com/qiskit-community/qiskit-optimization/issues/587,https://github.com/qiskit-community/qiskit-optimization/pull/672,feature,maybe,,
6,qiskit_optimization_525_553,qiskit-community/qiskit-optimization,https://github.com/qiskit-community/qiskit-optimization/issues/525,https://github.com/qiskit-community/qiskit-optimization/pull/553,other,,,
7,qiskit_optimization_494_495,qiskit-community/qiskit-optimization,https://github.com/qiskit-community/qiskit-optimization/issues/494,https://github.com/qiskit-community/qiskit-optimization/pull/495,refactor,,,
8,qiskit_optimization_473_487,qiskit-community/qiskit-optimization,https://github.com/qiskit-community/qiskit-optimization/issues/473,https://github.com/qiskit-community/qiskit-optimization/pull/487,feature,yes,completed,"Converted from file-level QRAO tests to eight case-level selectors covering encoding, unsupported encoding, commutation verification, magic rounding, optimizer solve/relaxed solve, and semideterministic rounding. Added five case-level pass-pass selectors from existing min-eigen optimizer, optimization result, knapsack, max-cut, and converter behavior because the original pass-pass set was empty. Stability passed 3x: patched fail-pass pass, base fail-pass fails by missing qiskit_optimization.algorithms.qrao, patched/base pass-pass pass with no skipped/xfailed/not-run items. Formal validation: patched fail-pass 8 passed in 28.51s, patched pass-pass 5 passed in 26.84s, base fail-pass target ModuleNotFoundError collection failure in 21.34s, base pass-pass 5 passed in 24.55s. Final image sha256:98c71300d39a65ef582a02ff6e4fe2f4f9995a01ab4c5d54f708783c7b1b4084, size 1053928783 bytes. Pass-pass review update: Expanded pass-pass from 5 to 11 related optimizer/result/application/converter selectors. Formal pass-pass: patched 11 passed in 1.83s; base 11 passed in 2.19s."
9,qiskit_optimization_408_422,qiskit-community/qiskit-optimization,https://github.com/qiskit-community/qiskit-optimization/issues/408,https://github.com/qiskit-community/qiskit-optimization/pull/422,bugfix,,,
10,qiskit_optimization_326_327,qiskit-community/qiskit-optimization,https://github.com/qiskit-community/qiskit-optimization/issues/326,https://github.com/qiskit-community/qiskit-optimization/pull/327,bugfix,,,
11,qiskit_optimization_354_356,qiskit-community/qiskit-optimization,https://github.com/qiskit-community/qiskit-optimization/issues/354,https://github.com/qiskit-community/qiskit-optimization/pull/356,bugfix,,,
12,qiskit_optimization_241_244,qiskit-community/qiskit-optimization,https://github.com/qiskit-community/qiskit-optimization/issues/241,https://github.com/qiskit-community/qiskit-optimization/pull/244,other,,,
13,qiskit_optimization_227_230,qiskit-community/qiskit-optimization,https://github.com/qiskit-community/qiskit-optimization/issues/227,https://github.com/qiskit-community/qiskit-optimization/pull/230,bugfix,,,
14,qiskit_optimization_222_223,qiskit-community/qiskit-optimization,https://github.com/qiskit-community/qiskit-optimization/issues/222,https://github.com/qiskit-community/qiskit-optimization/pull/223,bugfix,,,
15,qiskit_optimization_177_180,qiskit-community/qiskit-optimization,https://github.com/qiskit-community/qiskit-optimization/issues/177,https://github.com/qiskit-community/qiskit-optimization/pull/180,refactor,,,
16,qiskit_optimization_168_167,qiskit-community/qiskit-optimization,https://github.com/qiskit-community/qiskit-optimization/issues/168,https://github.com/qiskit-community/qiskit-optimization/pull/167,other,,,
17,qiskit_optimization_143_144,qiskit-community/qiskit-optimization,https://github.com/qiskit-community/qiskit-optimization/issues/143,https://github.com/qiskit-community/qiskit-optimization/pull/144,bugfix,,,
18,qiskit_optimization_138_136,qiskit-community/qiskit-optimization,https://github.com/qiskit-community/qiskit-optimization/issues/138,https://github.com/qiskit-community/qiskit-optimization/pull/136,other,,,
19,qiskit_optimization_133_139,qiskit-community/qiskit-optimization,https://github.com/qiskit-community/qiskit-optimization/issues/133,https://github.com/qiskit-community/qiskit-optimization/pull/139,feature,yes,completed,"Converted from file-level to case-level selectors. Fail-pass is one CplexOptimizer no-solution case that exercises the new cplex_parameters API; patched passes 3x and base fails 3x with TypeError because CplexOptimizer.__init__ does not accept cplex_parameters. Pass-pass narrowed to four adjacent CPLEX/COBYLA/SLSQP optimizer cases with no skipped/xfailed/not-run items and passes 3x on both base and patched. Formal validation: patched fail-pass 1 passed in 13.57s, patched pass-pass 4 passed in 17.20s, base fail-pass target TypeError in 17.10s, base pass-pass 4 passed in 19.41s. Final image sha256:83be881eeb175a12ff7be816cdd19a66f9c67584667203aa4cffb618c48e0bba, size 990043436 bytes. Pass-pass review update: Expanded pass-pass from 4 to 6 related CPLEX/COBYLA/SLSQP selectors. Formal pass-pass: patched 6 passed in 1.97s; base 6 passed in 1.78s."
20,qiskit_optimization_106_115,qiskit-community/qiskit-optimization,https://github.com/qiskit-community/qiskit-optimization/issues/106,https://github.com/qiskit-community/qiskit-optimization/pull/115,bugfix,,,
21,qiskit_optimization_92_97,qiskit-community/qiskit-optimization,https://github.com/qiskit-community/qiskit-optimization/issues/92,https://github.com/qiskit-community/qiskit-optimization/pull/97,bugfix,,,
22,qiskit_optimization_88_96,qiskit-community/qiskit-optimization,https://github.com/qiskit-community/qiskit-optimization/issues/88,https://github.com/qiskit-community/qiskit-optimization/pull/96,bugfix,,,
23,qiskit_optimization_80_122,qiskit-community/qiskit-optimization,https://github.com/qiskit-community/qiskit-optimization/issues/80,https://github.com/qiskit-community/qiskit-optimization/pull/122,feature,yes,completed,"Migrated qiskit_optimization_80_122 to case-level selectors. Fail-pass is the added DOcplex MP translator test and is stable fail-to-pass: patched 3/3 pass, base 3/3 fails because base lacks qiskit_optimization.translators. Pass-pass uses three native QuadraticProgram cases that pass 3/3 on both base and patched with no skips/xfails. Excluded test/translators/test_gurobi.py because gurobipy is unavailable and the case is skipped, so task scope was narrowed to DOcplex MP translator behavior. Excluded legacy QuadraticProgram docplex compatibility test from fail-pass because it is not a clear fail-to-pass selector. Formal validation: patched fail-pass 1 passed in 9.15s, patched pass-pass 3 passed in 11.71s, base fail-pass target ModuleNotFoundError in 13.42s, base pass-pass 3 passed in 14.65s. Final image sha256:42bd7f0827488a01dbddbb76b7ba205f453165862c4eb76505afd21c223226e3, size 850152013 bytes. Pass-pass review update: Expanded pass-pass from 3 to 7 related QuadraticProgram selectors. Formal pass-pass: patched 7 passed in 1.56s; base 7 passed in 1.36s."
24,qiskit_optimization_55_58,qiskit-community/qiskit-optimization,https://github.com/qiskit-community/qiskit-optimization/issues/55,https://github.com/qiskit-community/qiskit-optimization/pull/58,other,,,
25,qiskit_optimization_77_370,qiskit-community/qiskit-optimization,https://github.com/qiskit-community/qiskit-optimization/issues/77,https://github.com/qiskit-community/qiskit-optimization/pull/370,feature,no,,
26,qiskit_optimization_41_114,qiskit-community/qiskit-optimization,https://github.com/qiskit-community/qiskit-optimization/issues/41,https://github.com/qiskit-community/qiskit-optimization/pull/114,feature,yes,completed,"Migrated qiskit_optimization_41_114 from file-level to case-level selectors. Fail-pass uses 5 PR-modified/new nodeids covering MaximizeToMinimize, QuadraticProgramToQubo default max-to-min behavior, Grover converter lists, and MinimumEigenOptimizer max-sense sample handling; patched passed 3/3 and base failed 3/3 via missing MaximizeToMinimize import/collection errors. Pass-pass uses 4 adjacent native nodeids that passed 3/3 on both base and patched with no skipped/xfailed/not-run cases. Excluded skipped fail-pass/pass-pass candidates and tightened task scope accordingly. Formal validation: patched fail-pass 5 passed in 10.49s, patched pass-pass 4 passed in 9.88s, base fail-pass 5 collection errors in 11.28s, base pass-pass 4 passed in 12.44s. Final image sha256:1fbc9f3a42cc4df93e6b3fcc7915cfa72ceba16a1ffec45151c67d5537ce9577, size 1043199657 bytes. Pass-pass review update: Expanded pass-pass from 4 to 9 related converter/optimizer selectors. Formal pass-pass: patched 9 passed in 2.89s; base 9 passed in 3.69s."
27,qiskit_optimization_40_157,qiskit-community/qiskit-optimization,https://github.com/qiskit-community/qiskit-optimization/issues/40,https://github.com/qiskit-community/qiskit-optimization/pull/157,feature,yes,completed,"Migrated qiskit_optimization_40_157 from file-level selectors to case-level pytest nodeids. Fail-pass uses all 9 PR-added LinearInequalityToPenalty test methods; patched passes 3/3 and base fails 3/3 with the expected missing LinearInequalityToPenalty import/export behavior. Pass-pass narrowed from broad files with a skipped case to 7 adjacent converter/flip-sense nodeids that pass 3/3 on both base and patched with no skipped/xfailed/not-run cases. Formal validation: patched fail-pass 9 passed in 10.77s, patched pass-pass 7 passed in 12.85s, base fail-pass 9 collection errors in 11.50s, base pass-pass 7 passed in 13.06s. Final image sha256:2d55218f6c44f97867c08d4af920ce1c94c4b7c0423fa58b4a4ea9c270936474, size 994748632 bytes. Pass-pass review update: Expanded pass-pass from 7 to 15 related converter/flip-problem-sense selectors. Formal pass-pass: patched 15 passed in 1.59s; base 15 passed in 2.37s."
28,qiskit_optimization_28_30,qiskit-community/qiskit-optimization,https://github.com/qiskit-community/qiskit-optimization/issues/28,https://github.com/qiskit-community/qiskit-optimization/pull/30,other,,,
29,qiskit_optimization_29_30,qiskit-community/qiskit-optimization,https://github.com/qiskit-community/qiskit-optimization/issues/29,https://github.com/qiskit-community/qiskit-optimization/pull/30,other,,,
30,qiskit_optimization_13_163,qiskit-community/qiskit-optimization,https://github.com/qiskit-community/qiskit-optimization/issues/13,https://github.com/qiskit-community/qiskit-optimization/pull/163,feature,yes,completed,"Fail-pass audit correction: removed test/problems/test_quadratic_program.py::TestQuadraticProgram::test_docplex from fail-pass because it passes on base, so it is not a valid fail-to-pass selector. Final fail-pass is test/translators/test_docplex_mp.py::TestDocplexMpTranslator::test_indicator_constraints; patched passed 3/3 and base failed 3/3 with QiskitOptimizationError for unsupported indicator constraints. Task/interface/golden_patch were narrowed to the DOcplex translator path. Formal validation after rebuild: patched fail-pass 1 passed in 1.49s; patched pass-pass 9 passed in 1.56s; base fail-pass 1 failed in 1.53s; base pass-pass 9 passed in 1.52s. No formal validation command exceeded 120s. Final image sha256:708dc899c2e4c59cd66d1339a2a9275d79e9aa68dc801735a62c6d69e910bd3c."
31,qiskit_optimization_681_686,qiskit-community/qiskit-optimization,https://github.com/qiskit-community/qiskit-optimization/issues/681,https://github.com/qiskit-community/qiskit-optimization/pull/686,bugfix,,,
32,qiskit_optimization_638_671,qiskit-community/qiskit-optimization,https://github.com/qiskit-community/qiskit-optimization/issues/638,https://github.com/qiskit-community/qiskit-optimization/pull/671,refactor,,,
33,qiskit_optimization_638_639,qiskit-community/qiskit-optimization,https://github.com/qiskit-community/qiskit-optimization/issues/638,https://github.com/qiskit-community/qiskit-optimization/pull/639,refactor,,,
34,qiskit_optimization_10_677,qiskit-community/qiskit-optimization,https://github.com/qiskit-community/qiskit-optimization/issues/10,https://github.com/qiskit-community/qiskit-optimization/pull/677,other,,,
35,qiskit_optimization_626_633,qiskit-community/qiskit-optimization,https://github.com/qiskit-community/qiskit-optimization/issues/626,https://github.com/qiskit-community/qiskit-optimization/pull/633,bugfix,,,
36,qiskit_optimization_433_467,qiskit-community/qiskit-optimization,https://github.com/qiskit-community/qiskit-optimization/issues/433,https://github.com/qiskit-community/qiskit-optimization/pull/467,feature,yes,completed,Built Docker sample for SparsePauliOp support in to_ising/from_ising. Fail-pass uses patched test_ising opflow=False/default warning cases; pass-pass uses native converter Ising tests. Golden patch excludes optimizer plumbing because selected validation only requires translator and QuadraticProgram entry points.
37,qiskit_optimization_449_451,qiskit-community/qiskit-optimization,https://github.com/qiskit-community/qiskit-optimization/issues/449,https://github.com/qiskit-community/qiskit-optimization/pull/451,feature,no,,
38,qiskit_optimization_8_18,qiskit-community/qiskit-optimization,https://github.com/qiskit-community/qiskit-optimization/issues/8,https://github.com/qiskit-community/qiskit-optimization/pull/18,feature,yes,completed,"Benchmark sample completed after quantum-related feature gate check: issue is warm-start QAOA/max-cut quantum optimization workflow, not generic API plumbing. Fail-pass uses three warm-start QAOA optimizer cases; base fails during collection because the warm-start/Goemans-Williamson optimizer path is absent, patched passes 3/3. Pass-pass keeps existing MinimumEigenOptimizer and SLSQP behavior. Formal summaries: patched fail-pass 3 passed in 3.93s; patched pass-pass 3 passed in 3.07s; base fail-pass collection error missing qiskit_optimization.algorithms.goemans_williamson_optimizer; base pass-pass 3 passed in 3.35s. No formal validation command exceeded 120s. Final image sha256:4851b3dbf33b12412faa4b06cadaabc87e6002cc776af86b8f57da5ac99a0a3f."
39,qiskit_optimization_425_436,qiskit-community/qiskit-optimization,https://github.com/qiskit-community/qiskit-optimization/issues/425,https://github.com/qiskit-community/qiskit-optimization/pull/436,feature,yes,completed,"Benchmark sample corrected after fail-pass audit: removed test_optimization_application.py::test_sample_most_likely_1 and ::test_sample_most_likely_3 from fail-pass because they pass on base, so they are not valid fail-to-pass selectors. Quantum-related feature gate still passes: issue is primitives/Sampler/QAOA/Grover quantum execution-path support. Final fail-pass selectors are GroverOptimizer sampler path and MinimumEigenOptimizer QAOA sampler path; patched passed 3/3 and base failed 3/3. Formal summaries after rebuild: patched fail-pass 2 passed in 22.52s; patched pass-pass 2 passed in 1.84s; base fail-pass 2 failed in 7.87s; base pass-pass 2 passed in 1.66s. No formal validation command exceeded 120s. Final image sha256:5a7fcde709d5071940adcd19d1dd73f9ea587038408afb9ea9a8d49197a3b087."
