split,category,subcategory,subcategory_label,selected_tests,samples,raw_subtypes
F2P,general_semantics,algebraic_numeric_computation,Algebraic and numeric computation,58,19,18
F2P,general_semantics,learning_optimization_outcome,Learning and optimization outcomes,64,18,9
F2P,general_semantics,model_data_transformation,Model and data transformation,49,14,15
F2P,interface,interface,Interface,242,64,55
F2P,quantum_semantics,hamiltonian_chemistry_quantum_optimization,"Hamiltonians, chemistry, and quantum optimization",93,27,29
F2P,quantum_semantics,operator_algebra_and_mapping,Operator algebra and mapping,147,36,49
F2P,quantum_semantics,state_circuit_and_measurement,"State, circuit, and measurement behavior",29,11,8
P2P,general_semantics,algebraic_numeric_computation,Algebraic and numeric computation,127,32,20
P2P,general_semantics,learning_optimization_outcome,Learning and optimization outcomes,115,29,12
P2P,general_semantics,model_data_transformation,Model and data transformation,97,21,25
P2P,interface,interface,Interface,308,86,61
P2P,quantum_semantics,hamiltonian_chemistry_quantum_optimization,"Hamiltonians, chemistry, and quantum optimization",86,26,23
P2P,quantum_semantics,operator_algebra_and_mapping,Operator algebra and mapping,181,38,46
P2P,quantum_semantics,state_circuit_and_measurement,"State, circuit, and measurement behavior",87,19,13
