agent,quantum_specificity,has_quantum_semantic_f2p,samples,agent_llm_runs,resolved,total,resolved_rate,never_resolved_samples
mini-swe,all,true,70,5,134,350,0.382857,29
mini-swe,all,false,49,5,148,245,0.604082,12
mini-swe,medium,true,24,5,66,120,0.550000,6
mini-swe,medium,false,46,5,140,230,0.608696,11
mini-swe,strong,true,46,5,68,230,0.295652,23
mini-swe,strong,false,3,5,8,15,0.533333,1
openhands,all,true,70,5,112,350,0.320000,34
openhands,all,false,49,5,152,245,0.620408,12
openhands,medium,true,24,5,52,120,0.433333,8
openhands,medium,false,46,5,143,230,0.621739,11
openhands,strong,true,46,5,60,230,0.260870,26
openhands,strong,false,3,5,9,15,0.600000,1
autocoderover,all,true,70,5,38,350,0.108571,51
autocoderover,all,false,49,5,67,245,0.273469,22
autocoderover,medium,true,24,5,20,120,0.166667,15
autocoderover,medium,false,46,5,63,230,0.273913,21
autocoderover,strong,true,46,5,18,230,0.078261,36
autocoderover,strong,false,3,5,4,15,0.266667,1
all_agents,all,true,70,15,284,1050,0.270476,29
all_agents,all,false,49,15,367,735,0.499320,11
all_agents,medium,true,24,15,138,360,0.383333,6
all_agents,medium,false,46,15,346,690,0.501449,10
all_agents,strong,true,46,15,146,690,0.211594,23
all_agents,strong,false,3,15,21,45,0.466667,1
